accountnumber,seiu32bj_claimtypename,Number of Complaints
68212,Leave of Absence,1
68212,Suspensions,1
68212,Termination,2
68212,Wage Claims,3
68052,Hours Changed Without Reason,1
68052,Sick Claims - Unused Sick Pay,1
68052,Termination,1
68043,Contract - Uniforms,1
68043,OT or AB Wage Issue,1
68043,Other Contract Violation,2
68043,Work Routine Changed,1
68043,Workload,2
67881,Leave of Absence,2
67881,Open Position - Failure to Post,1
67881,Suspensions - Indefinite,1
67799,Leave of Absence,1
67799,Other Contract Violation,1
67799,Sick Claims,1
67798,Suspensions - Indefinite,2
67798,Termination,2
67798,Vacation Accrued After Termination,2
67798,Wage Claims,1
67797,Harassment,1
67797,Open Position - Denied Position,1
67797,Open Positions - Less Seniority,1
67797,Other Contract Violation,1
67797,Suspensions,1
67797,Vacation Pay Penalty,1
67797,Wage Claims,1
67796,Harassment,2
67796,Leave of Absence,1
67796,Other Contract Violation,1
67796,Vacation Pay Penalty,1
67796,Workload,1
67753,Failure to Cooperate with Workers Comp/Disability/Unemployment Insurance Claim,1
67753,Open Positions - Less Seniority,1
67753,Other Contract Violation,2
67753,Warning Letter,1
67734,Unjust Bump,1
67727,Hours Changed Without Reason,2
67727,Vacation Pay Penalty,1
67727,Workload,2
67700,Harassment,1
67700,Leave of Absence,2
67700,Vacation Claims,1
67635,Harassment,2
67635,National origin,1
67635,Open Position - Failure to Post,1
67635,Race,1
67635,Suspensions - Indefinite,1
67635,Termination,1
67635,Vacation Pay Seniority,2
67635,Wage Claims,1
67635,Warning Letter,1
67635,Work Routine Changed,1
67597,Leave of Absence,1
67597,RIF,1
67534,Harassment,1
67534,Holiday pay (Days),1
67534,Hours Changed Without Reason,2
67534,Other Contract Violation,1
67534,Pay for service center visit,1
67534,Suspensions,1
67534,Warning Letter,5
67534,Work Routine Changed,1
67240,Leave of Absence,2
67240,OT or AB Wage Issue,1
67240,Vacation Claims,1
67227,Harassment,4
67227,Leave of Absence,1
67227,Open Position - Denied Position,2
67227,OT or AB Wage Issue,2
67227,Other Contract Violation,1
67227,Race,2
67227,Suspensions,1
67227,Suspensions - Indefinite,2
67227,Vacation Accrued After Termination,1
67227,Vacation Pay Seniority,1
67227,Wage Claims,1
67227,Wage Rate Incorrect,1
67227,Warning Letter,2
67227,Workload,1
67225,Other Contract Violation,1
67225,Suspensions - Indefinite,2
67225,Termination,1
67111,Leave of Absence,1
67111,Wage Rate Incorrect,1
67034,Harassment,2
67034,Leave of Absence,1
67034,Race,1
67034,Suspensions - Indefinite,1
67034,Workload,1
67031,Customer Removal,1
67031,Open Positions - Less Seniority,1
67031,OT or AB Wage Issue,1
67031,Sick Claims - Unused Sick Pay,1
67031,Termination,1
67031,Vacation Claims,1
67031,Workload,2
67011,RIF,2
67011,Suspensions - Indefinite,1
67011,Vacation Claims,1
67003,Harassment,3
67003,Leave of Absence,1
67003,Suspensions - Indefinite,3
67003,Termination,1
67003,Transfer to new building,1
67003,Vacation Accrued After Termination,2
67003,Wage Rate Incorrect,1
67003,Warning Letter,1
67003,Workload,1
66991,Vacation Pay Seniority,1
66983,Suspensions,1
66898,Other Contract Violation,1
66898,Overtime pay,1
66898,Wage Claims,1
66885,Age,1
66885,Harassment,2
66885,Leave of Absence,1
66885,Other Contract Violation,2
66885,Race,2
66885,RIF,1
66885,Suspensions - Indefinite,4
66885,Transfer to new building,1
66885,Vacation Accrued After Termination,2
66885,Workload,6
66884,Harassment,3
66884,National origin,1
66884,Personal Day,1
66884,RIF,1
66884,Vacation Pay Seniority,1
66884,Warning Letter,2
66884,Work Routine Changed,1
66842,Harassment,1
66842,Leave of Absence,2
66842,Suspensions - Indefinite,1
66842,Warning Letter,3
66823,Leave of Absence,1
66803,Harassment,3
66803,Holiday pay (Days),3
66803,Hours Changed Without Reason,1
66803,Leave of Absence,7
66803,Other Contract Violation,1
66803,Sick Claims,1
66803,Suspensions,3
66803,Suspensions - Indefinite,3
66803,Termination,4
66803,Vacation Claims,1
66803,Vacation Pay Seniority,1
66803,Warning Letter,1
66750,RIF,1
66661,Harassment,3
66661,Other Contract Violation,1
66661,Race,1
66661,Suspensions,1
66661,Suspensions - Indefinite,12
66661,Termination,2
66661,Wage Rate Incorrect,1
66661,Work Routine Changed,1
66660,Contract - Uniforms,1
66660,Gender,1
66660,Harassment,13
66660,Holiday pay (Days),1
66660,Hours Changed Without Reason,1
66660,National origin,1
66660,Open Positions - Less Seniority,1
66660,Other Contract Violation,1
66660,Suspensions,2
66660,Suspensions - Indefinite,2
66660,Vacation Pay Seniority,2
66660,Wage Rate Incorrect,3
66660,Warning Letter,13
66660,Work Routine Changed,3
66660,Workload,5
66552,Layoff,1
66527,Harassment,1
66527,Leave of Absence,1
66527,Open Position - Denied Position,1
66527,Open Position - Failure to Post,1
66527,Other Contract Violation,4
66527,Overtime pay,2
66527,Sick Claims - Unused Sick Pay,1
66527,Suspensions - Indefinite,1
66527,Vacation Scheduling,1
66527,Wage Claims,1
66527,Wage Rate Incorrect,6
66527,Warning Letter,1
66527,Workload,1
66519,Leave of Absence,1
66517,RIF,1
66517,Unjust Bump,1
66503,Leave of Absence,1
66503,Vacation Pay Seniority,1
66497,Harassment,1
66497,Leave of Absence,1
66497,RIF,1
66497,Sick Claims,3
66497,Suspensions - Indefinite,1
66497,Warning Letter,1
66497,Workload,2
66495,Harassment,5
66495,Holiday pay (Days),1
66495,Hours Changed Without Reason,1
66495,Layoff,2
66495,Leave of Absence,1
66495,Open Position - Denied Position,1
66495,Other Contract Violation,6
66495,RIF,5
66495,Suspensions,1
66495,Termination,2
66495,Vacation Pay Seniority,4
66495,Vacation Scheduling,1
66495,Wage Claims,1
66495,Wage Rate Incorrect,3
66495,Warning Letter,6
66495,Workload,2
66493,Harassment,4
66493,Hours Changed Without Reason,2
66493,Leave of Absence,3
66493,Open Positions - Less Seniority,4
66493,OT or AB Wage Issue,2
66493,Other Contract Violation,2
66493,Pay for service center visit,2
66493,Race,1
66493,RIF,1
66493,Sick Claims,3
66493,Sick Claims - Unused Sick Pay,1
66493,Suspensions,2
66493,Suspensions - Indefinite,1
66493,Termination,1
66493,Transfer to new building,4
66493,Wage Claims,1
66493,Wage Rate Incorrect,5
66493,Warning Letter,7
66493,Work Routine Changed,1
66493,Workload,1
66492,Harassment,2
66492,Hours Changed Without Reason,1
66492,Leave of Absence,1
66492,Open Position - Denied Position,3
66492,Open Positions - Less Seniority,1
66492,Other Contract Violation,3
66492,RIF,1
66492,Sick Claims - Unused Sick Pay,1
66492,Suspensions,2
66492,Suspensions - Indefinite,1
66492,Vacation Accrued After Termination,1
66492,Vacation Claims,2
66492,Vacation Pay Seniority,9
66492,Vacation Scheduling,1
66492,Wage Rate Incorrect,1
66492,Warning Letter,6
66492,Work Routine Changed,1
66492,Workload,2
66491,Failure to Cooperate with Workers Comp/Disability/Unemployment Insurance Claim,1
66491,Harassment,1
66491,Hours Changed Without Reason,1
66491,Leave of Absence,1
66491,Open Positions - Less Seniority,3
66491,Other Contract Violation,3
66491,Race,1
66491,RIF,2
66491,Sick Claims - Unused Sick Pay,3
66491,Suspensions,3
66491,Suspensions - Indefinite,2
66491,Termination,1
66491,Unjust Bump,1
66491,Vacation Accrued After Termination,1
66491,Vacation Claims,2
66491,Vacation Pay Seniority,3
66491,Vacation Scheduling,1
66491,Wage Claims,1
66491,Wage Rate Incorrect,3
66491,Warning Letter,5
66491,Workload,3
66488,Overtime pay,1
66488,Wage Rate Incorrect,1
66487,Vacation Pay Seniority,1
66486,Failed to Provide Necessary Supplies,1
66486,Harassment,1
66486,Hours Changed Without Reason,2
66486,Leave of Absence,1
66486,Open Position - Denied Position,1
66486,OT or AB Wage Issue,1
66486,Other Contract Violation,2
66486,Overtime pay,1
66486,Race,1
66486,RIF,1
66486,Suspensions,1
66486,Suspensions - Indefinite,3
66486,Vacation Accrued After Termination,2
66486,Vacation Scheduling,1
66486,Wage Claims,1
66486,Wage Rate Incorrect,1
66486,Warning Letter,7
66486,Workload,5
66485,Harassment,1
66485,Leave of Absence,1
66485,Open Position - Denied Position,1
66485,OT or AB Wage Issue,2
66485,Seniority -- Wants to Know,1
66485,Suspensions,3
66485,Suspensions - Indefinite,4
66485,Vacation Claims,1
66485,Vacation Pay Seniority,1
66485,Wage Claims,2
66485,Wage Rate Incorrect,2
66458,Open Position - Failure to Post,1
66458,OT or AB Wage Issue,1
66458,Overtime pay,2
66458,Suspensions - Indefinite,2
66458,Vacation Claims,2
66458,Vacation Pay Seniority,1
66458,Wages AB Time,2
66458,Workload,6
66317,Dues Deducted - Not Remitted,1
66305,Termination,1
66305,Vacation Accrued After Termination,1
66290,Leave of Absence,3
66290,Suspensions,3
66290,Suspensions - Indefinite,1
66290,Unjust Bump,1
66290,Warning Letter,6
66290,Workload,1
66273,Harassment,3
66273,Layoff,1
66273,RIF,1
66273,Suspensions - Indefinite,1
66273,Termination,3
66273,Wage Rate Incorrect,1
66273,Warning Letter,1
66268,Leave of Absence,1
66268,Open Position - Failure to Post,1
66268,Other Contract Violation,1
66268,RIF,1
66268,Suspensions - Indefinite,1
66268,Transfer to new building,1
66268,Wage Rate Incorrect,1
66268,Work Routine Changed,1
66268,Workload,2
66254,Reduction of Hours,1
66250,Leave of Absence,1
66237,Harassment,3
66237,Leave of Absence,4
66237,Open Position - Failure to Post,2
66237,Race,2
66237,Suspensions - Indefinite,3
66237,Vacation Accrued After Termination,1
66237,Wage Claims,1
66237,Workload,4
66214,Suspensions - Indefinite,1
66214,Vacation Accrued After Termination,1
66214,Warning Letter,1
66164,Transfer to new building,2
66151,Bereavement pay,1
66151,Hours Changed Without Notice,2
66151,Hours Changed Without Reason,2
66151,Unjust Bump,1
66151,Workload,1
66126,Contract - Uniforms,3
66126,Harassment,1
66126,Holiday pay (Days),4
66126,Open Position - Denied Position,2
66126,Open Position - Failure to Post,3
66126,Open Positions - Less Seniority,1
66126,Other Contract Violation,2
66126,Sick Claims,1
66126,Sick Claims - Unused Sick Pay,3
66126,Suspensions - Indefinite,2
66126,Unused Sick Pay Penalty,1
66126,Vacation Claims,3
66126,Vacation Pay Penalty,3
66126,Vacation Scheduling,1
66126,Wage Claims,1
66126,Wage Rate Incorrect,4
66126,Warning Letter,2
66125,Holiday pay (Days),4
66125,Leave of Absence,1
66125,Vacation Pay Seniority,1
66125,Wage Claims,2
66125,Wage Rate Incorrect,3
66124,Sick Claims - Unused Sick Pay,4
66124,Termination,1
66124,Unused Sick Pay Penalty,1
66124,Vacation Accrued After Termination,1
66124,Wage Rate Incorrect,1
66123,COVID Sick Pay,1
66123,Holiday pay (Days),1
66123,Leave of Absence,1
66123,Open Positions - Less Seniority,1
66123,Sick Claims - Unused Sick Pay,3
66123,Vacation Claims,1
66123,Vacation Pay Seniority,1
66122,Not Paid Attendance Bonus,1
66122,Sick Claims - Unused Sick Pay,1
66122,Wage Rate Incorrect,1
66121,Open Positions - Less Seniority,1
66121,Sick Claims - Unused Sick Pay,1
66109,Sick Claims - Unused Sick Pay,4
66109,Wage Rate Incorrect,2
66104,Leave of Absence,1
66062,Leave of Absence,2
66062,RIF,1
66050,RIF,1
66050,Termination,2
66050,Vacation Accrued After Termination,1
66030,Harassment,8
66030,Leave of Absence,15
66030,Open Position - Denied Position,1
66030,Open Positions - Less Seniority,1
66030,Other Contract Violation,3
66030,Sick Claims - Unused Sick Pay,1
66030,Suspensions,9
66030,Suspensions - Indefinite,8
66030,Termination,1
66030,Vacation Accrued After Termination,3
66030,Vacation Claims,2
66030,Vacation Pay Penalty,1
66030,Wage Rate Incorrect,2
66030,Warning Letter,4
66030,Workload,2
65977,Termination,1
65977,Wage Rate Incorrect,1
65976,Holiday pay (Days),1
65976,OT or AB Wage Issue,1
65976,Suspensions - Indefinite,1
65976,Termination,1
65976,Wage Claims,4
65940,Bereavement pay,1
65940,Not Paid Attendance Bonus,3
65940,Open Position - Denied Position,1
65940,Sick Claims,4
65940,Sick Claims - Unused Sick Pay,14
65940,Suspensions - Indefinite,2
65940,Unused Sick Pay Penalty,1
65940,Vacation Claims,3
65940,Vacation Pay Penalty,3
65940,Vacation Pay Seniority,1
65899,Better Terms and Conditions,1
65899,Harassment,2
65899,Leave of Absence,1
65899,No Paycheck,1
65899,Suspensions,1
65899,Warning Letter,2
65899,Work Routine Changed,1
65899,Workload,1
65854,Leave of Absence,1
65854,Suspensions - Indefinite,1
65854,Warning Letter,3
65854,Workload,1
65779,Suspensions - Indefinite,1
65764,Harassment,1
65764,Layoff,1
65764,Leave of Absence,1
65764,Other Contract Violation,1
65764,Sexual harassment,1
65764,Suspensions - Indefinite,3
65764,Termination,2
65764,Vacation Accrued After Termination,2
65764,Wage Rate Incorrect,5
65734,Harassment,2
65734,Leave of Absence,1
65734,Sick Claims - Unused Sick Pay,1
65734,Suspensions,1
65734,Termination,1
65734,Transfer to new building,1
65734,Unused Sick Pay Penalty,1
65734,Vacation Accrued After Termination,1
65734,Vacation Claims,1
65734,Wage Claims,1
65734,Warning Letter,2
65734,Workload,1
65644,Harassment,1
65644,Leave of Absence,1
65644,Other Contract Violation,1
65643,Leave of Absence,1
65643,OT or AB Wage Issue,1
65643,Suspensions - Indefinite,1
65643,Wage Rate Incorrect,1
65585,Other Contract Violation,2
65585,Overtime pay,1
65493,Holiday pay (Days),1
65493,Other Contract Violation,1
65493,Overtime pay,1
65474,Leave of Absence,2
65474,Open Positions - Less Seniority,1
65474,Warning Letter,1
65438,Harassment,1
65438,Open Position - Denied Position,1
65438,Personal Day,1
65438,Suspensions - Indefinite,1
65438,Workload,2
65415,Harassment,1
65415,Open Position - Failure to Post,2
65415,Race,1
65415,RIF,1
65415,Vacation Pay Seniority,1
65415,Wage Rate Incorrect,1
65415,Wages AB Time,1
65415,Workload,1
65329,Failure to Comply with Stip or Arbitration Award,1
65329,Open Positions - Less Seniority,1
65329,Pay for service center visit,1
65329,Suspensions - Indefinite,1
65329,Workload,1
65328,Leave of Absence,1
65328,Wage Rate Incorrect,2
65306,Pay for service center visit,2
65306,Termination,1
65306,Wage Claims,1
64948,Contract - Uniforms,1
64948,No Paycheck,3
64948,Open Position - Denied Position,1
64948,Transfer to new building,1
64948,Vacation Claims,2
64948,Vacation Pay Penalty,1
64948,Wage Claims,3
64948,Wages AB Time,1
64948,Workload,1
64878,Personal Day,1
64878,Sick Claims,1
64850,Harassment,1
64850,Suspensions - Indefinite,1
64850,Vacation Claims,3
64850,Vacation Pay Seniority,1
64850,Wage Rate Incorrect,2
64793,Overtime pay,1
64793,RIF,1
64793,Sick Claims - Unused Sick Pay,1
64793,Termination,2
64793,Vacation Accrued After Termination,2
64793,Vacation Pay Penalty,1
64793,Wage Claims,1
64793,Workload,1
64787,Other Contract Violation,1
64787,Sick Claims - Unused Sick Pay,1
64787,Termination,2
64787,Transfer to new building,1
64787,Unused Sick Pay Penalty,1
64787,Vacation Accrued After Termination,1
64787,Vacation Claims,1
64787,Wage Rate Incorrect,2
64783,Age,1
64783,Disability,1
64783,Harassment,10
64783,Leave of Absence,3
64783,Open Position - Denied Position,1
64783,Open Position - Failure to Post,1
64783,Open Positions - Less Seniority,2
64783,OT or AB Wage Issue,4
64783,Other Contract Violation,4
64783,Sexual harassment,1
64783,Suspensions,2
64783,Suspensions - Indefinite,3
64783,Termination,2
64783,Vacation Accrued After Termination,1
64783,Vacation Claims,1
64783,Vacation Scheduling,1
64783,Wage Claims,3
64783,Wage Rate Incorrect,4
64783,Workload,1
64781,Sick Claims - Unused Sick Pay,1
64781,Vacation Pay Seniority,1
64780,Hours Changed Without Notice,1
64780,RIF,2
64780,Suspensions - Indefinite,1
64780,Warning Letter,2
64780,Workload,2
64741,Harassment,2
64741,OT or AB Wage Issue,1
64741,Suspensions - Indefinite,1
64741,Vacation Scheduling,1
64740,Suspensions - Indefinite,1
64740,Termination,1
64740,Vacation Accrued After Termination,1
64739,Leave of Absence,3
64739,Open Positions - Less Seniority,3
64739,Other Contract Violation,1
64739,Vacation Claims,3
64739,Vacation Pay Penalty,2
64739,Vacation Pay Seniority,1
64739,Wage Rate Incorrect,1
64739,Warning Letter,1
64633,Hours Changed Without Notice,1
64633,Leave of Absence,4
64633,Other Contract Violation,1
64633,Termination,1
64633,Vacation Accrued After Termination,1
64633,Vacation Claims,2
64633,Vacation Pay Seniority,2
64633,Workload,1
64626,Pay for service center visit,1
64626,RIF,1
64626,Sick Claims,1
64621,Harassment,1
64619,Wage Claims,1
64618,Open Position - Denied Position,1
64618,RIF,1
64616,Leave of Absence,1
64615,Harassment,1
64615,Leave of Absence,1
64615,Vacation Claims,1
64615,Workload,2
64607,RIF,1
64586,Bereavement pay,2
64586,Harassment,2
64586,Other Contract Violation,1
64586,Suspensions,1
64586,Wage Rate Incorrect,1
64586,Warning Letter,1
64568,Suspensions - Indefinite,1
64568,Vacation Accrued After Termination,1
64546,Termination,2
64516,Suspensions - Indefinite,1
64516,Transfer to new building,1
64516,Vacation Accrued After Termination,1
64493,Harassment,4
64493,Holiday pay (Days),1
64493,Leave of Absence,3
64493,OT or AB Wage Issue,3
64493,Other Contract Violation,1
64493,Overtime pay,1
64493,Race,2
64493,Sick Claims,1
64493,Suspensions,1
64493,Suspensions - Indefinite,6
64493,Termination,1
64493,Warning Letter,5
64478,Other Contract Violation,1
64478,Termination,1
64406,Harassment,1
64406,Wage Rate Incorrect,1
64406,Workload,1
64337,Leave of Absence,3
64337,Other Contract Violation,1
64337,Suspensions - Indefinite,2
64337,Termination,1
64137,Open Position - Denied Position,1
64137,Suspensions - Indefinite,2
64137,Wage Rate Incorrect,1
64088,Harassment,1
64088,Overtime pay,2
64088,Suspensions - Indefinite,1
64088,Vacation Accrued After Termination,1
64088,Warning Letter,1
64088,Workload,1
64071,Hours Changed Without Reason,1
64071,Open Position - Denied Position,1
64071,Overtime pay,1
64070,Harassment,1
64070,Leave of Absence,1
64070,Sick Claims,1
64070,Suspensions,1
64070,Suspensions - Indefinite,3
64070,Vacation Claims,1
64070,Warning Letter,1
64070,Work Routine Changed,1
64017,Workload,1
63998,Suspensions - Indefinite,1
63854,Suspensions - Indefinite,1
63770,Vacation Accrued After Termination,1
63734,Leave of Absence,3
63734,National origin,1
63734,Suspensions - Indefinite,2
63734,Vacation Accrued After Termination,1
63734,Vacation Claims,1
63734,Vacation Scheduling,1
63734,Warning Letter,1
63449,Race,1
63449,Sick Claims - Unused Sick Pay,1
63449,Suspensions,1
63449,Transfer to new building,1
63449,Transfer without displacement pay,1
63449,Vacation Pay Seniority,1
63449,Wage Claims,3
63449,Wage Rate Incorrect,1
63447,Leave of Absence,1
63447,Pay - higher classification,1
63447,Wage Rate Incorrect,2
63418,Leave of Absence,5
63418,Suspensions - Indefinite,3
63418,Vacation Accrued After Termination,1
63418,Vacation Pay Seniority,1
63418,Wage Rate Incorrect,1
63418,Workload,1
63394,Failure to Cooperate with Workers Comp/Disability/Unemployment Insurance Claim,1
63394,Leave of Absence,1
63394,Open Position - Denied Position,1
63394,OT or AB Wage Issue,2
63394,Other Contract Violation,1
63394,Sick Claims,5
63394,Sick Claims - Unused Sick Pay,2
63394,Vacation Pay Seniority,1
63394,Vacation Scheduling,1
63394,Work Routine Changed,1
63382,Leave of Absence,4
63382,Open Position - Failure to Post,1
63382,Warning Letter,1
63381,Open Position - Failure to Post,3
63381,Other Contract Violation,1
63381,Suspensions - Indefinite,2
63381,Wage Rate Incorrect,1
63381,Wages AB Time,1
63381,Warning Letter,1
63363,Warning Letter,1
63350,Harassment,1
63350,Leave of Absence,1
63350,Pay for service center visit,1
63350,Suspensions - Indefinite,2
63350,Wage Claims,1
63350,Wage Rate Incorrect,1
63350,Warning Letter,2
63350,Workload,1
63328,Vacation Pay Seniority,1
63328,Vacation Scheduling,1
63315,Harassment,2
63315,Leave of Absence,1
63315,Open Positions - Less Seniority,1
63315,Warning Letter,1
63315,Work Routine Changed,1
63315,Workload,1
63307,Open Positions - Less Seniority,1
63226,Contract - Uniforms,1
63226,OT or AB Wage Issue,1
63226,Suspensions,1
63226,Wage Rate Incorrect,5
63225,Harassment,6
63225,Holiday pay (Days),1
63225,Leave of Absence,3
63225,Other Contract Violation,1
63225,Suspensions,4
63225,Suspensions - Indefinite,1
63225,Termination,1
63225,Warning Letter,2
63225,Workload,2
63167,Leave of Absence,3
63167,Other Contract Violation,1
63167,Suspensions - Indefinite,1
63148,Harassment,1
63148,Hours Changed Without Reason,1
63148,Leave of Absence,3
63148,OT or AB Wage Issue,1
63148,Other Contract Violation,1
63148,Overtime pay,1
63148,Refusal to Recall,1
63148,Suspensions,3
63148,Suspensions - Indefinite,2
63148,Termination,1
63148,Transfer to new building,3
63148,Unjust Bump,1
63148,Vacation Accrued After Termination,2
63148,Work Routine Changed,1
63148,Workload,4
63112,Leave of Absence,1
63111,Suspensions - Indefinite,1
63111,Vacation Accrued After Termination,1
63110,Leave of Absence,4
62977,Layoff,1
62977,Leave of Absence,1
62968,Wage Rate Incorrect,1
62952,Leave of Absence,2
62842,OT or AB Wage Issue,1
62842,Vacation Pay Seniority,1
62842,Workload,2
62804,Leave of Absence,1
62804,Open Position - Failure to Post,1
62804,Pay for service center visit,2
62804,Personal Day,2
62804,Sick Claims - Unused Sick Pay,2
62804,Transfer to new building,1
62804,Vacation Claims,3
62804,Vacation Pay Penalty,1
62804,Vacation Pay Seniority,4
62804,Wage Rate Incorrect,1
62804,Warning Letter,1
62680,Other Contract Violation,1
62672,Pay for service center visit,1
62672,Termination,1
62672,Vacation Accrued After Termination,1
62652,Harassment,1
62652,Leave of Absence,11
62652,RIF,1
62652,Suspensions - Indefinite,3
62652,Warning Letter,1
62534,Leave of Absence,1
62532,Retro Payment Issue,1
62532,Suspensions - Indefinite,1
62532,Wage Rate Incorrect,1
62497,No Paycheck,1
62497,Workload,1
62391,Suspensions - Indefinite,1
62389,Leave of Absence,3
62389,Suspensions - Indefinite,1
62389,Vacation Accrued After Termination,1
62389,Warning Letter,2
62389,Workload,1
62387,Better Terms and Conditions,3
62387,Harassment,5
62387,Hours Changed Without Reason,2
62387,Leave of Absence,1
62387,No Paycheck,1
62387,Open Position - Denied Position,1
62387,Open Position - Failure to Post,2
62387,Open Positions - Less Seniority,1
62387,OT or AB Wage Issue,2
62387,Other Contract Violation - Vaccines,1
62387,Race,3
62387,Sick Claims,1
62387,Suspensions - Indefinite,4
62387,Termination,1
62387,Unjust Bump,1
62387,Vacation Accrued After Termination,2
62387,Vacation Claims,2
62387,Vacation Pay Seniority,10
62387,Vacation Scheduling,1
62387,Wage Rate Incorrect,1
62387,Wages AB Time,1
62387,Work Routine Changed,4
62387,Workload,4
62354,Harassment,1
62354,Other Contract Violation,1
62354,Termination,1
62354,Transfer to new building,1
62354,Transfer without displacement pay,1
62354,Vacation Accrued After Termination,1
62354,Wage Claims,1
62345,Leave of Absence,1
62345,Reduction of Hours,1
62345,Workload,1
62329,Harassment,1
62329,Leave of Absence,6
62329,Suspensions - Indefinite,4
62329,Transfer to new building,1
62329,Vacation Accrued After Termination,1
62329,Wage Rate Incorrect,1
62329,Warning Letter,1
62329,Workload,1
62312,Hours Changed Without Reason,1
62312,Open Position - Denied Position,1
62312,Termination,1
62312,Vacation Accrued After Termination,1
62270,Harassment,2
62270,Leave of Absence,6
62270,Open Positions - Less Seniority,1
62270,Suspensions,1
62270,Suspensions - Indefinite,3
62270,Termination,3
62270,Vacation Accrued After Termination,1
62270,Wage Rate Incorrect,2
62270,Warning Letter,4
62270,Workload,1
62269,Harassment,3
62269,National origin,2
62269,Open Position - Failure to Post,1
62269,Warning Letter,8
62269,Workload,2
62268,Harassment,2
62268,Leave of Absence,2
62268,Open Position - Denied Position,1
62268,Race,1
62268,Suspensions,1
62268,Termination,1
62268,Wage Rate Incorrect,1
62267,Leave of Absence,1
62267,Suspensions - Indefinite,2
62267,Termination,1
62266,Workload,2
62222,Leave of Absence,1
62203,Harassment,1
62203,Leave of Absence,1
62203,OT or AB Wage Issue,1
62203,Other Contract Violation,1
62203,Overtime pay,1
62203,RIF,1
62203,Warning Letter,3
62201,Suspensions,1
62052,Open Position - Denied Position,1
62052,Open Positions - Less Seniority,1
62052,Other Contract Violation,1
62052,Sick Claims,1
62052,Suspensions - Indefinite,4
62052,Workload,1
62015,Suspensions - Indefinite,1
62015,Vacation Accrued After Termination,1
62008,Harassment,1
62008,Leave of Absence,1
62008,Suspensions - Indefinite,1
62007,Other Contract Violation,1
62007,Suspensions - Indefinite,1
61842,Leave of Absence,2
61833,Leave of Absence,1
61833,Open Positions - Less Seniority,1
61833,Transfer to new building,1
61833,Unjust Bump,1
61833,Wage Rate Incorrect,1
61829,Harassment,1
61829,Other Contract Violation,1
61829,Sick Claims - Unused Sick Pay,1
61829,Workload,1
61626,Harassment,1
61626,Leave of Absence,1
61626,Open Positions - Less Seniority,1
61626,OT or AB Wage Issue,1
61626,Suspensions,1
61626,Warning Letter,2
61496,Harassment,1
61496,Holiday pay (Days),2
61496,Leave of Absence,3
61496,Other Contract Violation,1
61496,Suspensions,1
61496,Warning Letter,5
61454,Harassment,3
61454,Suspensions,1
61454,Warning Letter,1
61340,Open Positions - Less Seniority,1
61335,Leave of Absence,1
61308,RIF,1
61272,Open Positions - Less Seniority,1
61246,Termination,1
61230,Vacation Claims,1
61230,Vacation Pay Penalty,1
61230,Warning Letter,1
61230,Workload,2
61229,Leave of Absence,1
61229,Open Position - Failure to Post,1
61229,Suspensions - Indefinite,1
61193,Harassment,1
61193,Termination,1
61193,Wage Claims,1
61125,Sick Claims - Unused Sick Pay,1
61125,Wage Rate Incorrect,1
61112,Failure to Comply with Stip or Arbitration Award,1
61112,Leave of Absence,1
61112,OT or AB Wage Issue,1
61112,Workload,4
61056,Hours Changed Without Reason,1
61056,Leave of Absence,1
61056,Wage Claims,3
61056,Wage Rate Incorrect,3
61056,Workload,1
61040,Harassment,1
61040,Leave of Absence,1
61040,Suspensions - Indefinite,2
61040,Vacation Accrued After Termination,1
61040,Wage Rate Incorrect,1
61036,Suspensions - Indefinite,1
61026,Failure to Cooperate with Workers Comp/Disability/Unemployment Insurance Claim,1
61026,Harassment,1
61026,Leave of Absence,2
61026,OT or AB Wage Issue,1
61026,Other Contract Violation,2
61026,Suspensions,1
61026,Transfer to new building,1
61026,Vacation Pay Bonus,1
61026,Warning Letter,2
60919,Pay for service center visit,1
60919,Personal Day,1
60919,Sick Claims - Unused Sick Pay,1
60860,Leave of Absence,1
60860,Termination,1
60860,Vacation Accrued After Termination,1
60847,Leave of Absence,3
60847,Other Contract Violation,1
60847,Race,1
60847,Termination,3
60847,Termination Pay - Inability to Work,1
60847,Transfer to new building,1
60847,Unjust Bump,1
60847,Vacation Accrued After Termination,1
60847,Vacation Pay Seniority,1
60847,Warning Letter,1
60847,Workload,2
60725,Harassment,1
60725,Hours Changed Without Reason,1
60725,Open Positions - Less Seniority,2
60725,Other Contract Violation,1
60725,Sick Claims - Unused Sick Pay,1
60725,Suspensions,1
60725,Termination,4
60725,Vacation Accrued After Termination,1
60725,Wage Rate Incorrect,8
60647,Harassment,2
60647,Holiday pay (Days),2
60647,Leave of Absence,2
60647,OT or AB Wage Issue,2
60647,Other Contract Violation,1
60647,Warning Letter,1
60647,Workload,1
60623,Harassment,1
60623,Leave of Absence,7
60623,National origin,1
60623,Refusal to Recall,1
60623,Sick Claims - Unused Sick Pay,1
60623,Suspensions,3
60623,Suspensions - Indefinite,2
60623,Termination,1
60623,Vacation Accrued After Termination,1
60623,Warning Letter,3
60623,Workload,1
60600,Harassment,3
60600,Leave of Absence,10
60600,Open Position - Failure to Post,1
60600,Open Positions - Less Seniority,1
60600,OT or AB Wage Issue,1
60600,Workload,2
60555,Harassment,1
60555,Leave of Absence,1
60555,Race,1
60525,Leave of Absence,1
60524,Leave of Absence,1
60524,RIF,1
60519,Suspensions - Indefinite,1
60519,Vacation Accrued After Termination,1
60518,Leave of Absence,1
60517,Wage Claims,1
60507,Suspensions - Indefinite,3
60507,Vacation Accrued After Termination,2
60506,Leave of Absence,1
60505,Warning Letter,2
60502,Suspensions,1
60501,Not Paid Attendance Bonus,1
60501,Pay for service center visit,1
60501,Sick Claims,1
60501,Sick Claims - Unused Sick Pay,1
60500,Harassment,3
60500,Leave of Absence,1
60500,National origin,1
60500,Other Contract Violation,1
60500,Suspensions - Indefinite,1
60500,Vacation Scheduling,1
60500,Wages AB Time,2
60500,Warning Letter,7
60499,Leave of Absence,1
60498,Leave of Absence,1
60493,Harassment,1
60493,Suspensions - Indefinite,1
60493,Termination,1
60493,Vacation Accrued After Termination,1
60493,Warning Letter,1
60485,Warning Letter,3
60485,Workload,1
60481,OT or AB Wage Issue,1
60481,Work Routine Changed,1
60478,Leave of Absence,1
60477,Leave of Absence,1
60477,Wage Rate Incorrect,1
60476,Leave of Absence,1
60476,Wage Rate Incorrect,1
60445,Suspensions - Indefinite,1
60102,Harassment,2
60102,Leave of Absence,1
60102,OT or AB Wage Issue,1
60102,Overtime pay,1
60102,RIF,1
60102,Sick Claims,1
60102,Suspensions,1
60102,Suspensions - Indefinite,1
60102,Unjust Bump,1
60102,Warning Letter,2
60102,Work Routine Changed,1
60102,Workload,2
60088,Leave of Absence,1
60088,Sexual harassment,1
60088,Workload,1
60025,Leave of Absence,1
60025,Open Position - Failure to Post,1
60025,Other Contract Violation,1
60025,Suspensions - Indefinite,1
60025,Vacation Pay Seniority,1
59941,Harassment,4
59941,RIF,1
59824,Contract - Uniforms,1
59824,Harassment,1
59824,Leave of Absence,2
59824,Wage Rate Incorrect,1
59785,Termination,1
59785,Warning Letter,1
59770,Termination,1
59700,Hours Changed Without Notice,1
59700,Hours Changed Without Reason,1
59700,Leave of Absence,1
59700,Warning Letter,1
59700,Workload,1
59692,Leave of Absence,1
59692,Sexual harassment,1
59692,Suspensions - Indefinite,4
59692,Vacation Accrued After Termination,1
59686,Leave of Absence,1
59678,Failure to Remit Funds Contributions,1
59673,Gender,1
59673,Harassment,1
59673,Layoff,1
59673,Open Positions - Less Seniority,1
59673,OT or AB Wage Issue,1
59673,RIF,2
59673,Vacation Pay Seniority,1
59671,Suspensions - Indefinite,1
59671,Termination,1
59671,Vacation Accrued After Termination,1
59670,Termination,1
59666,Harassment,2
59666,OT or AB Wage Issue,1
59666,Other Contract Violation,1
59666,Race,1
59659,Other Contract Violation,1
59653,Leave of Absence,2
59653,Suspensions - Indefinite,1
59653,Warning Letter,1
59653,Workload,1
59644,RIF,1
59628,RIF,1
59595,Harassment,1
59595,Suspensions - Indefinite,2
59594,Vacation Claims,1
59594,Wage Rate Incorrect,1
59520,Bereavement pay,1
59520,Harassment,1
59520,Hours Changed Without Reason,1
59520,Leave of Absence,3
59520,Open Positions - Less Seniority,1
59520,Other Contract Violation,2
59520,Pay for service center visit,1
59520,Suspensions,2
59520,Suspensions - Indefinite,1
59520,Termination,2
59520,Vacation Claims,3
59520,Wage Rate Incorrect,2
59520,Warning Letter,1
59520,Work Routine Changed,1
59453,Failure to Remit Funds Contributions,1
59453,Termination,1
59408,Leave of Absence,1
59277,Vacation Claims,2
59277,Vacation Pay Penalty,1
59254,Leave of Absence,1
59254,OT or AB Wage Issue,1
59254,Termination,1
59254,Vacation Pay Seniority,1
59254,Warning Letter,1
59254,Workload,4
59240,Leave of Absence,1
59240,RIF,1
59240,Transfer to new building,1
59240,Workload,2
59239,Leave of Absence,1
59239,Sick Claims,1
59239,Suspensions - Indefinite,1
59239,Wage Claims,1
59200,RIF,1
59121,Harassment,1
59121,Layoff,1
59121,Leave of Absence,1
59121,No Paycheck,1
59121,OT or AB Wage Issue,2
59121,Sick Claims - Unused Sick Pay,1
59121,Suspensions - Indefinite,1
59121,Unjust Bump,1
59121,Workload,1
59117,Harassment,1
59117,Suspensions - Indefinite,2
59117,Termination,1
58962,Termination - Superintendent,1
58904,Other Contract Violation,1
58904,Sick Claims - Unused Sick Pay,1
58904,Unused Sick Pay Penalty,1
58904,Wage Rate Incorrect,1
58903,Suspensions - Indefinite,1
58893,Leave of Absence,1
58860,Harassment,1
58860,Leave of Absence,2
58860,Pay for service center visit,2
58860,Suspensions,1
58860,Suspensions - Indefinite,1
58860,Vacation Scheduling,1
58860,Work Routine Changed,1
58855,Hours Changed Without Reason,1
58855,Leave of Absence,1
58855,Vacation Pay Seniority,1
58855,Workload,2
58850,Harassment,1
58850,Hours Changed Without Reason,1
58850,Leave of Absence,1
58850,OT or AB Wage Issue,1
58850,Other Contract Violation,3
58850,RIF,1
58850,Suspensions - Indefinite,1
58850,Termination,1
58850,Transfer to new building,1
58850,Wage Rate Incorrect,1
58750,Harassment,1
58750,Suspensions - Indefinite,1
58750,Vacation Accrued After Termination,1
58750,Wage Claims,1
58750,Warning Letter,1
58463,Leave of Absence,1
58463,RIF,1
58456,Reduction of Hours,1
58456,Vacation Pay Seniority,1
58454,Leave of Absence,1
58454,Suspensions,1
58438,Harassment,1
58438,Other Contract Violation,1
58438,Sick Claims - Unused Sick Pay,1
58438,Vacation Claims,1
58438,Vacation Pay Seniority,1
58438,Workload,1
58412,Overtime pay,1
58349,Leave of Absence,3
58349,Vacation Pay Seniority,1
58327,Open Positions - Less Seniority,1
58327,Other Contract Violation,2
58283,Harassment,1
58283,Leave of Absence,1
58283,Suspensions - Indefinite,2
58283,Vacation Accrued After Termination,1
58202,Other Contract Violation,6
58194,Harassment,1
58194,Hours Changed Without Reason,1
58194,Suspensions,2
58194,Suspensions - Indefinite,2
58194,Termination,1
58194,Vacation Pay Seniority,1
58194,Vacation Scheduling,1
58194,Wage Rate Incorrect,3
58124,Harassment,1
58124,Leave of Absence,3
58124,Suspensions,1
58124,Wage Rate Incorrect,1
58124,Workload,1
58020,Leave of Absence,1
58020,Open Position - Failure to Post,1
58020,Open Positions - Less Seniority,1
58020,Other Contract Violation,1
58020,Pay for service center visit,1
58020,Sick Claims,1
58020,Suspensions - Indefinite,1
58020,Transfer to new building,1
58020,Unjust Bump,1
58020,Vacation Pay Seniority,2
58020,Wage Claims,1
58020,Wage Rate Incorrect,2
58020,Workload,2
58015,Hours Changed Without Notice,1
58015,Hours Changed Without Reason,1
58015,Leave of Absence,2
58015,Open Positions - Less Seniority,1
58015,Unjust Bump,1
58014,Harassment,1
58014,Hours Changed Without Reason,1
58014,Leave of Absence,4
58014,Open Position - Denied Position,1
58014,Open Position - Failure to Post,1
58014,Open Positions - Less Seniority,1
58014,OT or AB Wage Issue,1
58014,Other Contract Violation,1
58014,Transfer to new building,1
58014,Vacation Claims,2
58014,Wage Rate Incorrect,1
58014,Warning Letter,1
58014,Workload,2
58013,Transfer to new building,1
58010,Contract - Uniforms,1
58010,Failed to Provide Necessary Supplies,1
58010,Harassment,2
58010,Leave of Absence,2
58010,Open Position - Failure to Post,1
58010,Suspensions - Indefinite,1
58010,Vacation Scheduling,2
58010,Wage Rate Incorrect,1
58010,Warning Letter,3
58010,Work Routine Changed,1
58010,Workload,3
58009,Failure to Cooperate with Workers Comp/Disability/Unemployment Insurance Claim,1
58009,Leave of Absence,1
58009,OT or AB Wage Issue,2
58009,Termination,1
58009,Vacation Pay Seniority,2
58009,Wage Rate Incorrect,1
58009,Wages AB Time,1
58009,Warning Letter,1
58009,Workload,1
58001,Hours Changed Without Reason,1
58001,Leave of Absence,2
58001,Open Position - Failure to Post,2
58001,Open Positions - Less Seniority,1
58001,OT or AB Wage Issue,1
58001,Other Contract Violation,1
58001,Pay - higher classification,4
58001,Transfer to new building,1
58001,Vacation Claims,1
58001,Vacation Pay Seniority,1
58001,Workload,1
57998,Hours Changed Without Reason,1
57998,Leave of Absence,3
57998,Vacation Pay Seniority,1
57998,Work Routine Changed,1
57998,Workload,1
57996,Open Position - Denied Position,1
57995,Wage Rate Incorrect,1
57962,Other Contract Violation,1
57962,Sick Claims,1
57962,Workload,2
57956,Harassment,1
57956,OT or AB Wage Issue,1
57956,Suspensions - Indefinite,1
57956,Termination,1
57956,Vacation Claims,1
57956,Vacation Pay Seniority,1
57956,Work Routine Changed,1
57956,Workload,1
57955,Harassment,3
57955,Holiday pay (Days),1
57955,OT or AB Wage Issue,1
57955,Pay - higher classification,1
57955,Suspensions - Indefinite,1
57955,Warning Letter,1
57955,Workload,2
57951,Harassment,1
57951,Pay for service center visit,1
57951,Sexual harassment,1
57951,Termination,2
57951,Vacation Claims,1
57949,Harassment,3
57949,Leave of Absence,1
57949,Warning Letter,1
57949,Workload,3
57948,National origin,1
57948,Open Position - Failure to Post,3
57948,Open Positions - Less Seniority,1
57948,Termination,3
57948,Transfer to new building,1
57948,Vacation Accrued After Termination,1
57943,Harassment,1
57943,Leave of Absence,1
57943,Suspensions - Indefinite,2
57943,Vacation Accrued After Termination,1
57943,Vacation Pay Seniority,1
57943,Wage Rate Incorrect,1
57943,Work Routine Changed,1
57943,Workload,1
57940,Harassment,1
57940,Other Contract Violation,1
57940,Workload,1
57939,Suspensions - Indefinite,1
57938,Harassment,2
57938,Leave of Absence,1
57938,OT or AB Wage Issue,1
57938,Other Contract Violation,1
57938,Vacation Accrued After Termination,1
57938,Work Routine Changed,1
57938,Workload,1
57936,Leave of Absence,1
57934,Workload,1
57929,Disability,1
57929,Harassment,1
57929,Hours Changed Without Reason,1
57929,Leave of Absence,1
57929,Open Position - Failure to Post,3
57929,Other Contract Violation,1
57929,Reduction of Hours,1
57929,Suspensions,1
57929,Suspensions - Indefinite,1
57929,Termination,1
57929,Vacation Accrued After Termination,1
57929,Warning Letter,2
57929,Work Routine Changed,1
57929,Workload,1
57926,Suspensions - Indefinite,1
57922,Vacation Pay Seniority,1
57921,Hours Changed Without Notice,1
57921,Leave of Absence,2
57921,Sick Claims,1
57921,Vacation Pay Seniority,1
57921,Work Routine Changed,1
57921,Workload,2
57920,Harassment,1
57920,Open Positions - Less Seniority,1
57920,Other Contract Violation,1
57920,Reduction of Hours,1
57920,Termination,1
57920,Workload,1
57919,Sick Claims - Unused Sick Pay,1
57917,Leave of Absence,1
57860,Leave of Absence,1
57860,Suspensions - Indefinite,1
57860,Termination,2
57860,Warning Letter,1
56226,Vacation Pay Seniority,1
56218,Harassment,2
56218,Leave of Absence,2
56218,Suspensions - Indefinite,2
56218,Transfer to new building,1
56218,Vacation Accrued After Termination,1
56218,Vacation Scheduling,1
56218,Work Routine Changed,1
56209,No Paycheck,1
56209,Suspensions - Indefinite,1
56209,Termination,1
56207,Wage Rate Incorrect,1
56183,Leave of Absence,1
56183,Wage Rate Incorrect,1
56180,Leave of Absence,1
56180,Other Contract Violation,1
56180,Wage Claims,3
56081,Leave of Absence,1
56006,RIF,1
55884,RIF,1
55880,Open Position - Denied Position,1
55880,RIF,1
55880,Suspensions - Indefinite,1
55880,Warning Letter,1
55838,Termination,1
55732,Harassment,1
55732,Warning Letter,1
55673,Customer Removal,1
55673,Leave of Absence,2
55673,Other Contract Violation,2
55673,Suspensions,1
55658,Termination,1
55656,Vacation Claims,1
55656,Vacation Pay Seniority,1
55621,Failure to Remit Funds Contributions,2
55621,Harassment,12
55621,Leave of Absence,3
55621,No Paycheck,2
55621,Open Positions - Less Seniority,1
55621,OT or AB Wage Issue,2
55621,Other Contract Violation,6
55621,Race,1
55621,Sick Claims - Unused Sick Pay,1
55621,Suspensions,3
55621,Suspensions - Indefinite,2
55621,Termination,2
55621,Vacation Accrued After Termination,3
55621,Vacation Pay Penalty,1
55621,Vacation Pay Seniority,1
55621,Wage Claims,5
55621,Wage Rate Incorrect,4
55621,Warning Letter,7
55621,Workload,4
55604,Termination,1
55491,Wage Rate Incorrect,1
55490,Race,1
55482,Leave of Absence,2
55381,Warning Letter,1
55381,Work Routine Changed,2
55380,Warning Letter,2
55240,Suspensions - Indefinite,1
55240,Workload,1
55041,Harassment,4
55041,Leave of Absence,4
55041,Suspensions - Indefinite,1
55041,Workload,1
54931,Suspensions - Indefinite,1
54860,Leave of Absence,1
54846,Layoff,1
54781,Harassment,3
54781,Jury Duty,1
54781,National origin,1
54781,OT or AB Wage Issue,1
54781,Other Contract Violation,1
54781,Sick Claims - Unused Sick Pay,2
54781,Vacation Scheduling,1
54781,Wage Claims,1
54781,Wages AB Time,1
54781,Warning Letter,2
54710,Leave of Absence,1
54649,Harassment,1
54649,Suspensions - Indefinite,1
54649,Warning Letter,1
54526,Harassment,2
54526,Holiday pay (Days),1
54526,OT or AB Wage Issue,1
54526,Vacation Scheduling,1
54526,Warning Letter,1
54523,Suspensions - Indefinite,1
54522,Failed to Provide Necessary Supplies,1
54522,Harassment,6
54522,Leave of Absence,2
54522,OT or AB Wage Issue,1
54522,Other Contract Violation,1
54522,Race,1
54522,Sexual harassment,1
54522,Suspensions - Indefinite,1
54463,Harassment,4
54463,Leave of Absence,2
54463,RIF,4
54463,Suspensions,10
54463,Suspensions - Indefinite,4
54463,Termination,2
54463,Wages AB Time,2
54463,Warning Letter,6
54463,Workload,4
54458,Contract - Uniforms,1
54458,Harassment,3
54458,Warning Letter,1
54458,Workload,1
54391,Hours Changed Without Reason,1
54391,OT or AB Wage Issue,1
54391,Wage Claims,2
54358,NULL,0
54358,Harassment,1
54358,Hours Changed Without Notice,2
54358,Termination,2
54358,Wage Rate Incorrect,1
54324,Age,1
54324,Leave of Absence,1
54324,Open Position - Denied Position,1
54324,Open Positions - Less Seniority,1
54324,Other Contract Violation,1
54324,Suspensions - Indefinite,1
54324,Vacation Accrued After Termination,1
54324,Vacation Claims,1
54323,Leave of Absence,4
54323,Pay for service center visit,1
54322,Leave of Absence,1
54322,Pay for service center visit,1
54322,Warning Letter,1
54212,Leave of Absence,1
54166,Age,1
54166,Harassment,4
54166,OT or AB Wage Issue,1
54166,Overtime pay,1
54166,Sexual harassment,1
54166,Suspensions,2
54166,Suspensions - Indefinite,2
54166,Vacation Claims,1
54166,Vacation Pay Seniority,1
54166,Wage Rate Incorrect,1
54166,Warning Letter,5
54166,Work Routine Changed,1
54166,Workload,1
54161,Age,1
54161,Leave of Absence,2
54161,Race,1
54161,Vacation Pay Seniority,1
54161,Wage Claims,1
54096,Harassment,2
54096,Leave of Absence,1
54096,OT or AB Wage Issue,1
54096,Other Contract Violation,2
54096,Overtime pay,1
54096,Suspensions,2
54096,Suspensions - Indefinite,1
54096,Vacation Claims,3
54096,Vacation Pay Penalty,1
54096,Wage Claims,1
54096,Warning Letter,5
54096,Workload,1
54085,Harassment,1
53963,Harassment,1
53617,Harassment,3
53605,Leave of Absence,1
53096,Vacation Claims,1
53071,Leave of Absence,1
53068,Termination,1
52983,Bereavement pay,1
52842,Leave of Absence,1
52714,Harassment,5
52714,Open Position - Failure to Post,1
52714,OT or AB Wage Issue,1
52714,Suspensions,1
52714,Suspensions - Indefinite,1
52620,Sick Claims - Unused Sick Pay,1
52620,Termination,1
52620,Vacation Claims,1
52530,Other Contract Violation,1
52530,Pay for service center visit,1
52530,RIF,1
52528,Pay for service center visit,1
52482,Leave of Absence,1
52482,No Paycheck,1
52481,Leave of Absence,1
52481,Termination,3
52481,Vacation Accrued After Termination,1
52480,Suspensions - Indefinite,2
52472,RIF,1
52377,Harassment,2
52377,Leave of Absence,1
52377,OT or AB Wage Issue,1
52377,Suspensions,1
52377,Suspensions - Indefinite,1
52377,Warning Letter,2
51815,Hours Changed Without Reason,4
51815,Layoff,1
51815,Leave of Absence,1
51815,Other Contract Violation,1
51815,Suspensions - Indefinite,1
51815,Wage Rate Incorrect,1
51547,Bereavement pay,1
51547,Harassment,6
51547,Hours Changed Without Notice,1
51547,Hours Changed Without Reason,5
51547,Leave of Absence,19
51547,No Paycheck,2
51547,Open Position - Denied Position,1
51547,Open Positions - Less Seniority,2
51547,Other Contract Violation,2
51547,Overtime pay,1
51547,Sexual harassment,1
51547,Sick Claims,1
51547,Sick Claims - Unused Sick Pay,1
51547,Suspensions,4
51547,Suspensions - Indefinite,4
51547,Transfer to new building,4
51547,Transfer without displacement pay,1
51547,Unjust Bump,2
51547,Vacation Accrued After Termination,1
51547,Vacation Claims,1
51547,Vacation Pay Seniority,2
51547,Wage Rate Incorrect,5
51547,Warning Letter,8
51547,Workload,1
51483,Workload,1
51122,Leave of Absence,1
51122,Termination,1
51112,Vacation Scheduling,1
50537,RIF,1
50537,Unjust Bump,1
50445,Harassment,4
50445,Leave of Absence,12
50445,Open Position - Denied Position,4
50445,Open Positions - Less Seniority,6
50445,OT or AB Wage Issue,2
50445,Other Contract Violation,2
50445,Race,2
50445,Suspensions,4
50445,Suspensions - Indefinite,4
50445,Termination,2
50445,Vacation Accrued After Termination,2
50445,Wage Claims,2
50445,Warning Letter,2
50445,Workload,2
50393,Leave of Absence,1
50343,Leave of Absence,1
50343,RIF,1
50217,Other Contract Violation,1
50217,Sick Claims,1
50217,Wage Rate Incorrect,1
50123,Suspensions - Indefinite,1
50123,Termination,1
50123,Vacation Accrued After Termination,1
50070,Harassment,9
50070,Leave of Absence,1
50070,OT or AB Wage Issue,2
50070,Sick Claims,1
50070,Suspensions,1
50070,Suspensions - Indefinite,3
50070,Vacation Accrued After Termination,1
50070,Vacation Claims,1
50070,Vacation Pay Seniority,1
50070,Warning Letter,5
50070,Workload,2
50050,Wage Rate Incorrect,1
50049,Termination,1
49952,Termination Pay - Inability to Work,1
49952,Wage Rate Incorrect,1
49903,No Paycheck,1
49867,Race,1
49716,Harassment,1
49716,Leave of Absence,2
49675,Vacation Pay Seniority,1
49675,Wage Rate Incorrect,1
49626,Sick Claims - Unused Sick Pay,1
49587,Leave of Absence,6
49442,Termination,2
49417,Wage Rate Incorrect,2
49409,Leave of Absence,1
49407,Wage Claims,1
49406,Leave of Absence,2
49209,No Paycheck,1
49209,Termination,1
49082,Suspensions,1
49079,Workload,1
49076,Vacation Pay Seniority,2
49073,Suspensions,1
49069,Failure to Cooperate with Workers Comp/Disability/Unemployment Insurance Claim,1
49000,Leave of Absence,1
49000,Suspensions - Indefinite,1
48982,Termination,1
48968,Leave of Absence,2
48966,Harassment,1
48966,Suspensions,2
48957,Harassment,1
48957,Suspensions,1
48957,Warning Letter,1
48925,Leave of Absence,1
48925,RIF,1
48921,Open Position - Failure to Post,1
48921,Open Positions - Less Seniority,1
48913,Failed to Provide Necessary Supplies,1
48913,Harassment,5
48913,Leave of Absence,2
48913,Open Position - Failure to Post,1
48913,OT or AB Wage Issue,1
48913,Suspensions,3
48913,Termination,10
48913,Vacation Accrued After Termination,5
48913,Wage Claims,1
48913,Warning Letter,8
48913,Workload,1
48880,Workload,1
48606,Leave of Absence,1
48606,OT or AB Wage Issue,1
48604,Termination Pay - Inability to Work,1
48604,Vacation Accrued After Termination,1
48521,Harassment,1
48521,Leave of Absence,4
48521,Open Position - Failure to Post,1
48521,Other Contract Violation,1
48521,Suspensions - Indefinite,1
48521,Wage Rate Incorrect,1
48521,Warning Letter,3
48422,Harassment,2
48422,Leave of Absence,2
48422,Suspensions - Indefinite,1
48422,Warning Letter,1
48422,Workload,1
48317,Leave of Absence,1
48192,OT or AB Wage Issue,1
48192,Sick Claims - Unused Sick Pay,1
48192,Vacation Claims,2
48192,Vacation Scheduling,1
48192,Wage Rate Incorrect,1
48192,Warning Letter,2
48182,Leave of Absence,1
48182,Overtime pay,1
47682,Hours Changed Without Reason,2
47682,Leave of Absence,1
47682,Transfer to new building,1
47682,Unjust Bump,1
47374,Harassment,2
47374,Leave of Absence,2
47374,Open Position - Failure to Post,1
47374,OT or AB Wage Issue,2
47374,Other Contract Violation,1
47374,Overtime pay,1
47374,Race,1
47374,Termination,1
47374,Transfer to new building,1
47374,Wage Claims,1
47374,Warning Letter,1
47374,Workload,1
47373,Other Contract Violation,1
47373,Suspensions - Indefinite,1
47340,Harassment,1
47257,Harassment,2
47257,Hours Changed Without Reason,2
47257,Suspensions - Indefinite,2
47257,Termination,8
47257,Warning Letter,4
47255,Harassment,6
47255,Open Positions - Less Seniority,2
47255,Other Contract Violation,12
47255,Sick Claims,2
47255,Suspensions,12
47255,Suspensions - Indefinite,10
47255,Termination,10
47255,Termination Pay - Inability to Work,2
47255,Vacation Accrued After Termination,4
47255,Vacation Claims,6
47255,Wage Claims,4
47255,Warning Letter,14
47101,Leave of Absence,1
47017,Leave of Absence,3
47017,Termination,1
47017,Vacation Accrued After Termination,1
46968,Harassment,1
46968,Open Position - Failure to Post,1
46968,Workload,1
46947,Wage Rate Incorrect,1
46934,Harassment,4
46934,Leave of Absence,4
46934,No Paycheck,2
46934,Open Positions - Less Seniority,4
46934,Suspensions,4
46934,Warning Letter,8
46934,Workload,4
46933,Harassment,2
46933,Leave of Absence,2
46933,OT or AB Wage Issue,1
46933,Termination,2
46933,Vacation Accrued After Termination,2
46933,Warning Letter,2
46931,Harassment,2
46931,Overtime pay,1
46931,Workload,1
46878,Harassment,1
46878,Other Contract Violation,1
46878,Sick Claims,1
46878,Suspensions,3
46878,Suspensions - Indefinite,1
46878,Termination,2
46878,Vacation Claims,1
46878,Wage Claims,1
46878,Work Routine Changed,1
46853,Harassment,1
46853,Leave of Absence,1
46853,Suspensions,1
46853,Suspensions - Indefinite,2
46853,Vacation Accrued After Termination,1
46811,Transfer to new building,1
46811,Wage Rate Incorrect,1
46776,OT or AB Wage Issue,1
46723,Open Position - Failure to Post,1
46723,Work Routine Changed,1
46723,Workload,1
46707,Leave of Absence,1
46707,Other Contract Violation,1
46706,Leave of Absence,1
46706,Pay for service center visit,1
46706,Suspensions - Indefinite,1
46706,Vacation Accrued After Termination,1
46704,Harassment,1
46704,Other Contract Violation,1
46704,Suspensions,1
46701,Pay for service center visit,2
46700,Suspensions - Indefinite,1
46700,Wage Rate Incorrect,3
46699,Pay for service center visit,1
46697,Vacation Claims,1
46697,Workload,1
46694,Hours Changed Without Reason,2
46694,Leave of Absence,5
46694,Warning Letter,1
46694,Workload,1
46687,Harassment,1
46687,Hours Changed Without Notice,1
46687,Leave of Absence,2
46687,No Paycheck,1
46687,Other Contract Violation,1
46687,Overtime pay,1
46687,Suspensions,1
46687,Suspensions - Indefinite,1
46687,Termination,3
46687,Transfer to new building,1
46687,Vacation Accrued After Termination,1
46685,Other Contract Violation,2
46685,Suspensions,2
46685,Vacation Pay Seniority,2
46684,Leave of Absence,1
46684,Wage Rate Incorrect,1
46680,Harassment,1
46534,Better Terms and Conditions,1
46534,Holiday pay (Days),3
46534,Leave of Absence,8
46534,No Paycheck,2
46534,OT or AB Wage Issue,5
46534,Other Contract Violation,2
46534,Overtime pay,3
46534,Pay - higher classification,1
46534,Pay for service center visit,2
46534,Personal Day,1
46534,Sick Claims - Unused Sick Pay,2
46534,Vacation Claims,3
46534,Vacation Pay Penalty,1
46534,Wage Claims,3
46534,Wage Rate Incorrect,3
46534,Warning Letter,1
46534,Workload,2
46494,Leave of Absence,7
46494,Open Position - Denied Position,2
46494,Open Position - Failure to Post,1
46494,Suspensions - Indefinite,4
46494,Wage Claims,1
46494,Warning Letter,3
46494,Workload,1
46426,Suspensions,1
46426,Wage Rate Incorrect,1
46343,Leave of Absence,16
46343,Suspensions - Indefinite,8
46343,Vacation Accrued After Termination,4
46319,Failure to Cooperate with Workers Comp/Disability/Unemployment Insurance Claim,1
46319,Sick Claims - Unused Sick Pay,1
46319,Workload,2
46307,Hours Changed Without Reason,1
46307,Leave of Absence,1
46307,Personal Day,1
46307,Warning Letter,1
46301,Hours Changed Without Reason,1
46301,Leave of Absence,1
46301,Other Contract Violation,1
46301,RIF,2
46301,Suspensions,1
46300,RIF,3
46299,Harassment,1
46299,Leave of Absence,1
46299,Other Contract Violation,1
46298,Leave of Absence,1
46291,Harassment,1
46291,Leave of Absence,1
46291,RIF,2
46291,Warning Letter,4
46291,Workload,2
46287,Harassment,1
46287,Other Contract Violation - Vaccines,1
46287,Required to work on a holiday,1
46287,RIF,1
46287,Suspensions - Indefinite,2
46287,Vacation Pay Seniority,1
46287,Vacation Scheduling,1
46287,Warning Letter,2
46287,Workload,3
46282,Disability,1
46282,Warning Letter,4
46282,Workload,1
46281,Leave of Absence,1
46281,Workload,1
46257,Harassment,1
46257,Sick Claims,1
46257,Warning Letter,1
46257,Workload,1
46186,Gender,1
46186,Harassment,2
46186,Leave of Absence,1
46186,RIF,1
46186,Unjust Bump,1
46178,Harassment,1
46178,Leave of Absence,1
46178,Sick Claims - Unused Sick Pay,1
46178,Suspensions - Indefinite,1
46178,Wage Claims,1
46178,Wage Rate Incorrect,3
46088,Leave of Absence,1
46033,Race,1
46033,Termination,3
46033,Wage Claims,2
46033,Wage Rate Incorrect,2
45888,Work Routine Changed,1
45888,Workload,1
45868,Harassment,3
45868,Hours Changed Without Reason,1
45868,Open Positions - Less Seniority,1
45868,Other Contract Violation,1
45868,Personal Day,1
45868,Race,2
45868,Suspensions - Indefinite,2
45868,Termination,1
45868,Vacation Accrued After Termination,1
45868,Wage Rate Incorrect,1
45868,Warning Letter,1
45788,Termination,1
45788,Wage Rate Incorrect,1
45785,Termination,6
45785,Wage Claims,2
45784,Overtime pay,1
45783,Termination,1
45783,Wage Claims,1
45783,Wage Rate Incorrect,2
45781,No Paycheck,1
45781,Termination,1
45781,Wage Rate Incorrect,2
45780,Harassment,2
45780,Open Position - Denied Position,1
45780,Suspensions - Indefinite,1
45780,Termination,1
45780,Vacation Claims,1
45780,Wage Claims,2
45780,Warning Letter,2
45779,Failure to Remit Funds Contributions,1
45779,Leave of Absence,1
45779,Open Position - Denied Position,2
45779,Other Contract Violation,1
45779,Termination,1
45779,Wage Claims,1
45779,Wage Rate Incorrect,1
45778,Failure to Remit Funds Contributions,1
45778,Holiday pay (Days),2
45778,Open Position - Denied Position,1
45778,Suspensions - Indefinite,1
45778,Termination,4
45778,Vacation Accrued After Termination,1
45778,Wage Claims,3
45778,Wage Rate Incorrect,1
45778,Warning Letter,1
45700,Jury Duty,1
45633,Leave of Absence,4
45633,RIF,3
45633,Transfer to new building,1
45619,OT or AB Wage Issue,1
45618,Harassment,2
45618,Leave of Absence,1
45618,OT or AB Wage Issue,1
45618,Suspensions,1
45607,Suspensions - Indefinite,1
45555,Leave of Absence,1
45555,Vacation Accrued After Termination,1
45553,Vacation Claims,1
45553,Vacation Pay Penalty,1
45553,Vacation Pay Seniority,1
45456,Wage Claims,1
45361,Harassment,2
45361,Hours Changed Without Reason,1
45361,Reduction of Hours,1
45361,Termination,1
45361,Wage Claims,1
45361,Workload,1
45326,Vacation Pay Seniority,1
45268,RIF,1
45268,Wage Claims,1
45071,Open Position - Denied Position,1
45071,Reduction of Hours,1
45071,RIF,2
45071,Sick Claims - Unused Sick Pay,1
45071,Vacation Accrued After Termination,2
45069,Refusal to Recall,1
45069,Workload,1
45017,Harassment,1
45017,Hours Changed Without Reason,1
45017,Leave of Absence,1
45017,Other Contract Violation,1
45017,RIF,2
45017,Wage Claims,1
44837,Leave of Absence,2
44837,No Paycheck,1
44837,Suspensions,1
44837,Termination,1
44837,Vacation Accrued After Termination,1
44837,Wage Rate Incorrect,1
44812,Leave of Absence,6
44812,Open Positions - Less Seniority,4
44812,Suspensions - Indefinite,4
44812,Wage Claims,2
44812,Warning Letter,2
42898,Leave of Absence,2
41814,Leave of Absence,8
41814,Vacation Claims,2
41814,Vacation Pay Penalty,2
41814,Warning Letter,4
41814,Workload,2
41776,Leave of Absence,3
41736,Harassment,2
41736,Holiday pay (Days),1
41736,Hours Changed Without Reason,1
41736,Leave of Absence,1
41736,No Paycheck,1
41736,Other Contract Violation,1
41736,Sick Claims,1
41736,Termination,1
41736,Transfer to new building,3
41736,Unjust Bump,1
41736,Vacation Accrued After Termination,1
41736,Vacation Claims,1
41736,Wage Rate Incorrect,1
41736,Wages AB Time,1
41736,Work Routine Changed,2
41736,Workload,3
41733,Open Position - Denied Position,1
41699,Harassment,2
41699,Leave of Absence,4
41699,Open Positions - Less Seniority,2
41699,OT or AB Wage Issue,8
41699,Overtime pay,2
41699,Pay - higher classification,2
41699,Race,2
41699,Transfer to new building,2
41699,Wage Claims,2
41699,Wage Rate Incorrect,2
41699,Wages AB Time,2
41699,Workload,2
41677,Leave of Absence,1
41475,Leave of Absence,2
41475,Warning Letter,1
41475,Workload,1
41398,Suspensions - Indefinite,1
41392,RIF,2
41356,Failure to Cooperate with Workers Comp/Disability/Unemployment Insurance Claim,1
41356,Failure to Remit Funds Contributions,1
41356,Leave of Absence,1
41356,Other Contract Violation,1
41356,Wage Rate Incorrect,1
41177,Leave of Absence,1
41176,Overtime pay,1
41176,Termination,1
41176,Transfer to new building,1
41176,Vacation Accrued After Termination,1
41176,Wage Claims,1
40930,Harassment,3
40930,Hours Changed Without Notice,1
40930,Leave of Absence,2
40930,Refusal to Recall,1
40930,RIF,1
40930,Sexual harassment,1
40930,Suspensions,8
40930,Suspensions - Indefinite,5
40930,Termination,2
40930,Vacation Accrued After Termination,1
40930,Wage Claims,1
40930,Warning Letter,3
40930,Workload,1
40782,Suspensions - Indefinite,1
40782,Termination,1
40779,Harassment,6
40779,Leave of Absence,33
40779,Suspensions - Indefinite,3
40779,Vacation Accrued After Termination,3
40779,Warning Letter,3
40779,Work Routine Changed,3
40673,Leave of Absence,1
40673,Open Position - Failure to Post,6
40673,Termination,2
40673,Wage Claims,1
40673,Wage Rate Incorrect,1
40673,Workload,3
40562,Holiday pay (Days),1
40555,Harassment,1
40555,Race,1
40555,Termination,1
40555,Vacation Accrued After Termination,1
40537,Harassment,1
40537,Leave of Absence,1
40537,Suspensions,1
40537,Suspensions - Indefinite,3
40537,Warning Letter,1
40455,Leave of Absence,1
40453,Other Contract Violation,1
40453,Transfer to new building,1
40390,COVID Sick Pay,1
40390,Leave of Absence,1
40390,Termination,1
40390,Workload,1
40336,Failed to Provide Necessary Supplies,3
40336,Harassment,6
40336,Leave of Absence,15
40336,Sick Claims - Unused Sick Pay,15
40336,Suspensions,24
40336,Suspensions - Indefinite,15
40336,Termination,9
40336,Unused Sick Pay Penalty,9
40336,Vacation Accrued After Termination,6
40336,Vacation Scheduling,3
40336,Warning Letter,21
40336,Workload,15
40284,Termination,2
40284,Vacation Accrued After Termination,1
40258,RIF,1
40257,Suspensions - Indefinite,2
40257,Vacation Accrued After Termination,1
40256,Harassment,1
40256,Warning Letter,1
40255,Harassment,1
40255,Not Paid Attendance Bonus,1
40255,Open Position - Failure to Post,2
40255,Other Contract Violation,1
40255,Pay for service center visit,1
40255,Personal Day,1
40255,Sick Claims,1
40255,Sick Claims - Unused Sick Pay,3
40255,Workload,1
39988,Leave of Absence,1
39984,Leave of Absence,1
39963,Harassment,1
39963,Hours Changed Without Notice,1
39963,Leave of Absence,5
39963,OT or AB Wage Issue,2
39963,Other Contract Violation,1
39963,Personal Day,2
39963,Suspensions - Indefinite,1
39963,Wage Claims,1
39963,Warning Letter,1
39963,Work Routine Changed,1
39963,Workload,2
39942,Suspensions - Indefinite,2
39805,Warning Letter,1
39786,Harassment,18
39786,Other Contract Violation,12
39786,Suspensions,6
39786,Suspensions - Indefinite,18
39786,Termination,12
39786,Vacation Claims,12
39786,Warning Letter,6
39497,Termination,1
39477,Harassment,1
39407,Harassment,2
39312,Leave of Absence,1
39188,Harassment,2
39188,Leave of Absence,6
39188,RIF,6
39188,Termination,4
39188,Termination Pay - Inability to Work,2
39188,Vacation Accrued After Termination,4
39188,Work Routine Changed,2
39062,Harassment,1
39062,Leave of Absence,1
39062,Wage Claims,1
38949,Age,1
38949,Harassment,1
38949,Leave of Absence,4
38949,National origin,1
38949,Open Position - Failure to Post,1
38949,Suspensions - Indefinite,1
38949,Warning Letter,2
38949,Workload,1
38946,Leave of Absence,1
38946,Open Position - Denied Position,1
38946,Workload,1
38913,Age,3
38913,Bereavement pay,3
38913,Harassment,9
38913,Leave of Absence,3
38913,OT or AB Wage Issue,3
38913,Other Contract Violation,3
38913,Suspensions,3
38913,Vacation Claims,3
38913,Wage Rate Incorrect,3
38913,Wages AB Time,3
38913,Warning Letter,3
38910,Harassment,1
38910,Leave of Absence,1
38910,Open Position - Failure to Post,1
38910,Suspensions,2
38910,Warning Letter,1
38819,Harassment,1
38819,Leave of Absence,4
38819,Open Positions - Less Seniority,1
38819,OT or AB Wage Issue,1
38819,Wages AB Time,1
38819,Warning Letter,1
38819,Workload,2
38713,Overtime pay,1
38713,Suspensions,1
38713,Wage Claims,1
38504,Suspensions,1
38504,Termination,1
38487,Termination,1
38487,Vacation Accrued After Termination,1
38483,Vacation Claims,1
38463,Better Terms and Conditions,1
38463,Harassment,3
38463,Leave of Absence,1
38463,OT or AB Wage Issue,1
38463,Suspensions - Indefinite,1
38463,Termination,1
38463,Vacation Accrued After Termination,1
38275,Sick Claims,1
38275,Vacation Claims,1
38261,Layoff,1
38261,Open Positions - Less Seniority,1
38261,RIF,1
38254,Leave of Absence,1
38254,Pay for service center visit,1
38248,Suspensions - Indefinite,1
38235,Termination,1
38228,Suspensions,1
38224,Leave of Absence,1
38219,Vacation Pay Seniority,1
38219,Wage Rate Incorrect,1
38151,Harassment,6
38151,Leave of Absence,1
38151,OT or AB Wage Issue,1
38151,Other Contract Violation,2
38151,Personal Day,2
38151,Reduction of Hours,1
38151,Termination,1
38151,Wages AB Time,1
38150,Termination,1
38150,Transfer to new building,1
38150,Vacation Accrued After Termination,1
38149,Bereavement pay,1
38149,Not Paid Attendance Bonus,1
38149,Sick Claims - Unused Sick Pay,1
38149,Suspensions - Indefinite,1
38149,Wage Rate Incorrect,1
38148,Leave of Absence,4
38148,OT or AB Wage Issue,1
38148,Suspensions,1
38144,Harassment,1
38144,Hours Changed Without Notice,1
38144,Suspensions - Indefinite,2
38144,Warning Letter,1
38139,Harassment,1
38139,Leave of Absence,1
38139,Suspensions - Indefinite,4
38139,Transfer to new building,1
38139,Warning Letter,1
38137,Leave of Absence,2
38137,Suspensions - Indefinite,1
38137,Vacation Accrued After Termination,1
38136,Leave of Absence,1
38136,Open Positions - Less Seniority,2
38136,Suspensions - Indefinite,2
38136,Vacation Accrued After Termination,1
38134,Jury Duty,1
38134,Leave of Absence,3
38126,Leave of Absence,10
38126,Open Position - Denied Position,2
38126,Suspensions - Indefinite,2
38123,Harassment,8
38123,Suspensions,4
38123,Suspensions - Indefinite,6
38123,Termination,2
38123,Vacation Accrued After Termination,4
38123,Warning Letter,2
38121,Leave of Absence,1
38121,OT or AB Wage Issue,1
38119,Leave of Absence,3
38117,COVID Sick Pay,1
38117,Harassment,8
38117,Hours Changed Without Reason,1
38117,Leave of Absence,14
38117,Open Position - Denied Position,1
38117,OT or AB Wage Issue,1
38117,Overtime pay,1
38117,Personal Day,1
38117,Suspensions,1
38117,Suspensions - Indefinite,2
38117,Termination,1
38117,Vacation Pay Penalty,1
38117,Vacation Scheduling,2
38117,Wage Claims,1
38117,Wage Rate Incorrect,1
38117,Warning Letter,3
38117,Work Routine Changed,1
38117,Workload,1
38115,Leave of Absence,2
38115,Workload,1
38112,Harassment,1
38112,Leave of Absence,2
38112,Suspensions,1
38112,Warning Letter,1
38112,Workload,1
38110,Vacation Pay Seniority,1
38108,Harassment,1
38108,Hours Changed Without Reason,2
38108,Leave of Absence,1
38108,Vacation Claims,1
38108,Vacation Scheduling,1
38108,Warning Letter,1
38108,Workload,1
38094,Better Terms and Conditions,1
38094,Harassment,11
38094,Leave of Absence,1
38094,Overtime pay,3
38094,Suspensions,1
38094,Vacation Claims,2
38094,Wage Rate Incorrect,1
38094,Warning Letter,1
38030,Leave of Absence,2
38030,Open Position - Denied Position,1
38030,Vacation Scheduling,1
37617,Termination - Superintendent,1
37487,Vacation Pay Seniority,1
37416,RIF,2
37412,Leave of Absence,2
37406,Leave of Absence,3
37403,Leave of Absence,2
37403,Warning Letter,1
36965,Wage Rate Incorrect,1
36965,Warning Letter,1
36936,Harassment,1
36918,Pay for service center visit,1
36918,RIF,2
36918,Suspensions,1
36918,Termination,1
36918,Vacation Accrued After Termination,1
36779,Other Contract Violation,1
36779,Suspensions,1
36756,Suspensions,1
36756,Suspensions - Indefinite,1
36756,Workload,1
36664,Harassment,1
36664,Leave of Absence,1
36664,OT or AB Wage Issue,1
36664,Other Contract Violation,1
36664,Termination,1
36664,Vacation Claims,1
36664,Vacation Pay Penalty,1
36664,Wage Claims,1
36644,Harassment,3
36644,Holiday pay (Days),2
36644,Layoff,1
36644,Leave of Absence,1
36644,OT or AB Wage Issue,1
36644,Sexual harassment,1
36644,Suspensions - Indefinite,3
36644,Vacation Accrued After Termination,1
36644,Vacation Pay Penalty,1
36644,Wage Rate Incorrect,1
36644,Warning Letter,3
36629,National origin,1
36629,OT or AB Wage Issue,1
36628,Suspensions - Indefinite,1
36628,Vacation Accrued After Termination,1
36628,Workload,1
36612,Failure to Cooperate with Workers Comp/Disability/Unemployment Insurance Claim,1
36612,Harassment,4
36612,Leave of Absence,2
36612,OT or AB Wage Issue,1
36612,Race,1
36612,Suspensions,1
36612,Suspensions - Indefinite,1
36612,Termination,1
36612,Termination Pay - Inability to Work,1
36612,Wage Rate Incorrect,2
36612,Warning Letter,4
36612,Work Routine Changed,1
36607,Sick Claims - Unused Sick Pay,1
36501,Leave of Absence,1
36501,Suspensions - Indefinite,1
36500,Age,3
36500,Harassment,7
36500,Leave of Absence,3
36500,Open Position - Denied Position,2
36500,Open Position - Failure to Post,1
36500,OT or AB Wage Issue,2
36500,Suspensions,13
36500,Suspensions - Indefinite,4
36500,Termination,1
36500,Transfer to new building,1
36500,Vacation Accrued After Termination,2
36500,Vacation Pay Penalty,1
36500,Wage Claims,4
36500,Wage Rate Incorrect,7
36500,Wages AB Time,1
36500,Warning Letter,7
36500,Workload,3
36414,Harassment,2
36414,Leave of Absence,2
36414,Reduction of Hours,1
36414,RIF,2
36414,Transfer to new building,1
36414,Warning Letter,3
36414,Work Routine Changed,1
35902,Harassment,6
35902,Hours Changed Without Notice,6
35902,Leave of Absence,12
35902,Open Position - Failure to Post,6
35902,Open Positions - Less Seniority,3
35902,Other Contract Violation,3
35902,Transfer to new building,6
35902,Vacation Claims,3
35902,Warning Letter,6
35902,Workload,3
35836,Overtime pay,1
35836,Wage Rate Incorrect,1
35775,Harassment,2
35775,Hours Changed Without Reason,2
35775,Leave of Absence,6
35775,No Paycheck,4
35775,OT or AB Wage Issue,4
35775,Other Contract Violation,2
35775,Suspensions - Indefinite,2
35775,Vacation Pay Seniority,2
35775,Wage Claims,2
35775,Wage Rate Incorrect,4
35775,Warning Letter,8
35764,Leave of Absence,1
35749,Wage Rate Incorrect,1
35746,Better Terms and Conditions,1
35746,Failure to Cooperate with Workers Comp/Disability/Unemployment Insurance Claim,1
35746,Harassment,5
35746,Leave of Absence,2
35746,Open Position - Failure to Post,1
35746,Open Positions - Less Seniority,1
35746,OT or AB Wage Issue,1
35746,Other Contract Violation,4
35746,Overtime pay,1
35746,Pay - higher classification,1
35746,Sick Claims,1
35746,Sick Claims - Unused Sick Pay,1
35746,Suspensions,1
35746,Termination,1
35746,Transfer to new building,1
35746,Unjust Bump,1
35746,Vacation Accrued After Termination,1
35746,Vacation Claims,3
35746,Wage Rate Incorrect,2
35746,Warning Letter,1
35746,Work Routine Changed,1
35746,Workload,5
35714,Harassment,1
35714,Layoff,1
35714,RIF,1
35714,Sick Claims,1
35714,Suspensions,2
35714,Suspensions - Indefinite,1
35714,Termination,1
35714,Unjust Bump,1
35703,Vacation Scheduling,1
35703,Wage Claims,1
35697,Harassment,1
35697,Other Contract Violation,1
35697,Sick Claims - Unused Sick Pay,1
35697,Suspensions - Indefinite,1
35697,Wage Rate Incorrect,1
35697,Workload,2
35693,Harassment,1
35693,RIF,1
35693,Workload,2
35681,Suspensions - Indefinite,1
35681,Termination,1
35670,Failure to Remit Funds Contributions,2
35670,Wage Rate Incorrect,4
35659,Harassment,1
35659,Wage Rate Incorrect,1
35596,Harassment,2
35596,Leave of Absence,4
35596,OT or AB Wage Issue,2
35596,Other Contract Violation,4
35596,Warning Letter,2
35596,Workload,2
35582,Leave of Absence,1
35582,Suspensions - Indefinite,1
35582,Vacation Accrued After Termination,1
35562,Leave of Absence,1
35562,Unjust Bump,2
35552,Harassment,2
35552,Leave of Absence,2
35552,OT or AB Wage Issue,6
35552,Other Contract Violation,2
35552,Overtime pay,2
35552,Reduction of Hours,2
35552,Unjust Bump,2
35552,Vacation Pay Bonus,2
35552,Wage Claims,4
35546,Harassment,2
35546,Open Positions - Less Seniority,2
35546,Warning Letter,2
35546,Work Routine Changed,2
35546,Workload,2
35544,Sick Claims - Unused Sick Pay,3
35544,Termination,5
35544,Vacation Accrued After Termination,5
35544,Work Routine Changed,1
35526,Contract - Uniforms,1
35526,COVID Sick Pay,1
35526,Other Contract Violation,1
35526,Wage Rate Incorrect,1
35526,Warning Letter,1
35526,Workload,4
35435,Failure to Cooperate with Workers Comp/Disability/Unemployment Insurance Claim,2
35435,Harassment,10
35435,Leave of Absence,8
35435,Open Position - Denied Position,2
35435,Open Positions - Less Seniority,6
35435,OT or AB Wage Issue,2
35435,Sexual harassment,2
35435,Suspensions,4
35435,Suspensions - Indefinite,4
35435,Termination,2
35435,Termination Pay - Inability to Work,2
35435,Vacation Accrued After Termination,2
35435,Vacation Claims,2
35435,Warning Letter,4
35435,Workload,2
35427,Harassment,2
35427,Other Contract Violation,6
35427,Race,2
35427,Suspensions - Indefinite,2
35427,Termination,2
35427,Transfer to new building,2
35427,Transfer without displacement pay,2
35419,Harassment,24
35419,Leave of Absence,15
35419,Open Position - Denied Position,3
35419,Open Positions - Less Seniority,6
35419,OT or AB Wage Issue,9
35419,Other Contract Violation,3
35419,Suspensions,3
35419,Termination,3
35419,Transfer to new building,3
35419,Unjust Bump,3
35419,Wage Claims,6
35419,Wage Rate Incorrect,6
35419,Warning Letter,12
35419,Work Routine Changed,6
35419,Workload,9
35395,Dues Deducted - Not Remitted,1
35395,Harassment,3
35395,Hours Changed Without Reason,1
35395,Leave of Absence,9
35395,Open Position - Denied Position,1
35395,Open Positions - Less Seniority,1
35395,Other Contract Violation,3
35395,Race,1
35395,Suspensions - Indefinite,1
35395,Termination,1
35395,Vacation Accrued After Termination,1
35395,Vacation Claims,2
35395,Vacation Pay Penalty,1
35395,Vacation Pay Seniority,1
35395,Wage Claims,1
35395,Wage Rate Incorrect,5
35395,Warning Letter,1
35395,Work Routine Changed,4
35395,Workload,3
35393,Harassment,1
35393,Leave of Absence,3
35393,Other Contract Violation,3
35393,Sick Claims,1
35393,Sick Claims - Unused Sick Pay,1
35393,Wage Rate Incorrect,2
35393,Warning Letter,1
35393,Workload,2
35392,Harassment,4
35392,Leave of Absence,10
35392,Suspensions - Indefinite,2
35392,Vacation Claims,2
35392,Wage Rate Incorrect,2
35357,Harassment,3
35357,Leave of Absence,1
35357,No Paycheck,1
35357,Open Position - Denied Position,1
35357,Open Positions - Less Seniority,1
35357,OT or AB Wage Issue,2
35357,Other Contract Violation,1
35357,Sick Claims - Unused Sick Pay,1
35357,Suspensions,1
35357,Suspensions - Indefinite,3
35357,Vacation Claims,1
35357,Vacation Pay Penalty,2
35357,Vacation Scheduling,2
35357,Wage Rate Incorrect,1
35357,Wages AB Time,1
35357,Warning Letter,3
35357,Work Routine Changed,2
35242,Suspensions - Indefinite,3
35242,Vacation Accrued After Termination,1
34792,Suspensions - Indefinite,2
34741,Suspensions,1
34732,Other Contract Violation - Vaccines,1
34728,Termination,1
34481,Warning Letter,1
34428,Sick Claims - Unused Sick Pay,1
33867,Harassment,1
33867,Leave of Absence,4
33867,Race,1
33867,Suspensions - Indefinite,1
33867,Vacation Claims,1
33867,Warning Letter,1
33840,Suspensions,2
33839,Harassment,1
33839,Leave of Absence,1
33839,Wages AB Time,1
33839,Warning Letter,1
33833,Harassment,1
33833,Suspensions,1
33830,Leave of Absence,1
33830,Vacation Pay Seniority,1
33829,No Paycheck,1
33829,Open Position - Denied Position,1
33829,Vacation Claims,2
33829,Vacation Pay Penalty,1
33820,Leave of Absence,1
33567,Harassment,1
33567,OT or AB Wage Issue,1
33567,Other Contract Violation,1
33567,RIF,1
33478,Termination,1
33478,Wage Rate Incorrect,1
33322,Harassment,1
33322,Suspensions - Indefinite,1
33322,Vacation Accrued After Termination,1
32908,Leave of Absence,3
32871,Wage Claims,1
32871,Workload,1
32870,Leave of Absence,3
32870,Suspensions - Indefinite,1
32870,Wage Rate Incorrect,1
32870,Warning Letter,1
32870,Work Routine Changed,1
32870,Workload,1
32869,Leave of Absence,1
32869,Termination,1
32860,Harassment,1
32860,Hours Changed Without Reason,1
32860,Pay for service center visit,1
32860,Termination Pay - Inability to Work,1
32860,Wage Claims,1
32860,Workload,1
32856,Harassment,2
32856,Suspensions,1
32856,Wage Claims,1
32856,Warning Letter,1
32851,Leave of Absence,1
32851,Open Position - Denied Position,1
32851,RIF,1
32825,Harassment,2
32825,Open Position - Denied Position,1
32825,Suspensions,1
32825,Suspensions - Indefinite,2
32825,Warning Letter,3
32825,Workload,1
32820,Leave of Absence,1
32820,Sexual harassment,1
32819,Wage Claims,6
32815,Termination,1
32811,Leave of Absence,1
32811,Suspensions - Indefinite,1
32811,Vacation Accrued After Termination,1
32809,Leave of Absence,1
32808,Leave of Absence,12
32808,Sick Claims,3
32808,Suspensions,3
32808,Warning Letter,6
32780,Warning Letter,1
32780,Work Routine Changed,1
32780,Workload,1
32779,Workload,1
32778,Harassment,1
32778,Other Contract Violation,2
32778,Warning Letter,1
32778,Workload,1
32775,Other Contract Violation,4
32752,Harassment,2
32752,Leave of Absence,2
32752,Unauthorized deductions,2
32746,Termination,1
32746,Vacation Accrued After Termination,1
32745,Suspensions,1
32735,Suspensions - Indefinite,1
32701,Termination,2
32701,Vacation Accrued After Termination,2
32701,Warning Letter,2
32700,Leave of Absence,1
32696,Failure to Comply with Stip or Arbitration Award,3
32696,Harassment,21
32696,Hours Changed Without Notice,6
32696,Hours Changed Without Reason,12
32696,Leave of Absence,18
32696,Open Position - Failure to Post,6
32696,Open Positions - Less Seniority,15
32696,OT or AB Wage Issue,9
32696,Other Contract Violation,9
32696,Overtime pay,9
32696,Pay for service center visit,3
32696,Personal Day,3
32696,RIF,12
32696,Sick Claims,6
32696,Suspensions,21
32696,Suspensions - Indefinite,3
32696,Termination,18
32696,Unjust Bump,3
32696,Vacation Accrued After Termination,6
32696,Vacation Claims,12
32696,Vacation Pay Seniority,3
32696,Wage Claims,9
32696,Wage Rate Incorrect,3
32696,Work Routine Changed,6
32696,Workload,45
32693,Failure to Obtain Assumption,2
32693,Other Contract Violation,2
32693,Termination,1
32693,Vacation Accrued After Termination,1
32680,Leave of Absence,1
32667,Harassment,1
32667,Warning Letter,1
32667,Workload,1
32655,Failure to Remit Funds Contributions,2
32655,Harassment,1
32655,Wage Rate Incorrect,2
32654,Termination,1
32654,Vacation Accrued After Termination,1
32649,COVID Sick Pay,2
32649,Gender,2
32649,Holiday pay (Days),2
32649,Leave of Absence,2
32649,Open Position - Denied Position,2
32649,OT or AB Wage Issue,2
32649,Other Contract Violation,4
32649,Sick Claims - Unused Sick Pay,6
32649,Suspensions - Indefinite,2
32649,Vacation Claims,2
32649,Wages AB Time,4
32649,Work Routine Changed,2
32649,Workload,16
30826,Harassment,1
30826,Termination,1
30750,Gender,1
30750,Harassment,3
30750,Hours Changed Without Reason,1
30750,Leave of Absence,1
30750,OT or AB Wage Issue,1
30750,Overtime pay,1
30750,Suspensions - Indefinite,6
30750,Vacation Accrued After Termination,4
30750,Wage Claims,2
30750,Warning Letter,2
30750,Workload,2
30749,RIF,1
30236,Harassment,1
30236,Termination,1
30236,Work Routine Changed,1
30174,Vacation Scheduling,1
30138,Failure to Obtain Assumption,1
30126,Termination,5
30126,Termination - Superintendent,1
30126,Vacation Accrued After Termination,4
29025,Leave of Absence,1
29016,Age,1
29016,Harassment,2
29016,Hours Changed Without Reason,1
29016,Leave of Absence,1
29016,Open Positions - Less Seniority,2
29016,Race,1
29016,Termination,1
29016,Transfer to new building,2
29016,Vacation Claims,1
29016,Wage Rate Incorrect,1
29016,Workload,1
29013,Suspensions - Indefinite,1
29013,Vacation Accrued After Termination,1
29013,Wage Rate Incorrect,1
29013,Warning Letter,1
29011,Harassment,1
29011,Vacation Claims,1
29011,Warning Letter,1
29011,Work Routine Changed,1
28971,Open Position - Denied Position,1
28971,Other Contract Violation,1
28965,Failure to Remit Funds Contributions,1
28965,Harassment,2
28965,Other Contract Violation,3
28965,Suspensions - Indefinite,11
28965,Termination,5
28965,Vacation Accrued After Termination,1
28965,Vacation Pay Seniority,1
28965,Wage Claims,1
28965,Wage Rate Incorrect,3
28952,Leave of Absence,1
28951,Harassment,3
28951,Leave of Absence,9
28951,Other Contract Violation,6
28951,RIF,9
28951,Suspensions,3
28951,Suspensions - Indefinite,6
28951,Vacation Accrued After Termination,3
28951,Vacation Claims,3
28951,Warning Letter,9
28944,Harassment,1
28944,RIF,1
28944,Workload,2
28918,Harassment,4
28918,National origin,2
28918,OT or AB Wage Issue,2
28918,Race,2
28918,Warning Letter,6
28918,Workload,2
28916,RIF,1
28898,Open Positions - Less Seniority,1
28898,RIF,1
28898,Suspensions,1
28898,Suspensions - Indefinite,2
28898,Vacation Accrued After Termination,1
28898,Vacation Claims,1
28898,Wage Rate Incorrect,1
28522,Hours Changed Without Reason,1
28522,Leave of Absence,1
28519,Suspensions - Indefinite,1
28519,Wage Rate Incorrect,1
28519,Warning Letter,1
28519,Workload,1
28512,Bereavement pay,1
28512,Leave of Absence,3
28512,Sick Claims,1
28506,Leave of Absence,1
28505,Leave of Absence,2
28505,Suspensions - Indefinite,1
28502,Other Contract Violation,1
28500,Leave of Absence,1
28449,Age,4
28449,Failure to Remit Funds Contributions,4
28449,Harassment,8
28449,Hours Changed Without Reason,4
28449,Leave of Absence,16
28449,Open Positions - Less Seniority,4
28449,Other Contract Violation,8
28449,Suspensions - Indefinite,8
28449,Wage Claims,4
28446,Leave of Absence,5
28446,Wage Rate Incorrect,1
28438,Leave of Absence,3
28428,Harassment,1
28428,Leave of Absence,1
28428,Suspensions - Indefinite,1
28428,Vacation Accrued After Termination,1
28428,Warning Letter,1
28428,Workload,1
28396,Leave of Absence,2
28396,Other Contract Violation,2
28396,Sick Claims - Unused Sick Pay,2
28396,Suspensions,2
28396,Suspensions - Indefinite,2
28396,Vacation Accrued After Termination,2
28396,Wage Rate Incorrect,4
28373,Harassment,2
27958,Leave of Absence,2
27958,Race,1
27958,Suspensions - Indefinite,1
27948,Transfer to new building,1
27943,Hours Changed Without Notice,1
27941,Failure to Cooperate with Workers Comp/Disability/Unemployment Insurance Claim,3
27941,Harassment,3
27941,Hours Changed Without Notice,3
27941,Hours Changed Without Reason,3
27941,Leave of Absence,12
27941,Open Position - Denied Position,3
27941,Open Positions - Less Seniority,3
27941,Termination,3
27941,Vacation Accrued After Termination,3
27941,Vacation Pay Seniority,3
27941,Vacation Scheduling,3
27881,Leave of Absence,2
27881,Open Position - Denied Position,1
27881,Open Position - Failure to Post,1
27881,OT or AB Wage Issue,1
27881,Suspensions - Indefinite,1
27881,Transfer to new building,1
27881,Wage Rate Incorrect,1
27853,Warning Letter,1
27850,Harassment,3
27850,Jury Duty,3
27850,Leave of Absence,12
27850,Open Position - Failure to Post,3
27850,Open Positions - Less Seniority,3
27850,Overtime pay,12
27850,Personal Day,3
27850,Suspensions - Indefinite,9
27850,Vacation Accrued After Termination,3
27850,Wage Claims,3
27850,Warning Letter,3
27849,Age,1
27849,Harassment,2
27849,Leave of Absence,10
27849,Open Position - Denied Position,1
27849,Open Position - Failure to Post,3
27849,Other Contract Violation,1
27849,Overtime pay,4
27849,Refusal to Recall,1
27849,Sick Claims,1
27849,Sick Claims - Unused Sick Pay,1
27849,Suspensions,1
27849,Termination,3
27849,Termination Pay - Inability to Work,1
27849,Vacation Claims,2
27849,Vacation Pay Seniority,1
27849,Wage Claims,1
27849,Wage Rate Incorrect,1
27849,Warning Letter,3
27849,Work Routine Changed,1
27849,Workload,2
27840,Bereavement pay,1
27840,Leave of Absence,3
27840,Other Contract Violation,1
27839,Harassment,2
27839,Leave of Absence,4
27839,Not Paid Attendance Bonus,1
27839,Reduction of Hours,1
27839,Suspensions - Indefinite,1
27839,Warning Letter,3
27839,Workload,2
27809,Reduction of Hours,1
27045,Harassment,1
27045,Not Paid Attendance Bonus,1
27045,Sick Claims - Unused Sick Pay,1
27045,Warning Letter,1
26508,Suspensions - Indefinite,1
26508,Vacation Pay Seniority,1
22530,Leave of Absence,16
22530,Open Position - Denied Position,4
22530,Pay for service center visit,2
22530,RIF,2
22530,Sick Claims,2
22530,Suspensions,2
22530,Suspensions - Indefinite,2
22530,Termination,4
22530,Vacation Accrued After Termination,4
22530,Vacation Claims,2
22530,Vacation Pay Seniority,8
22530,Warning Letter,18
22530,Workload,2
21885,Sick Claims - Unused Sick Pay,1
21885,Suspensions - Indefinite,1
21885,Termination,2
21884,Termination,1
21648,Harassment,2
21648,Other Contract Violation,1
21648,Suspensions,2
21648,Workload,2
21448,Sick Claims - Unused Sick Pay,1
21448,Termination,2
21448,Vacation Accrued After Termination,3
21448,Vacation Claims,2
21448,Wage Claims,1
21448,Wage Rate Incorrect,1
21442,Harassment,1
21442,Leave of Absence,1
21442,Suspensions - Indefinite,1
21440,Vacation Claims,1
21436,Pay - higher classification,1
21436,Workload,2
21424,Vacation Scheduling,1
21422,Leave of Absence,14
21422,Open Position - Denied Position,2
21422,Other Contract Violation,2
21422,Termination,8
21422,Vacation Accrued After Termination,6
21422,Vacation Claims,6
21422,Vacation Pay Penalty,2
21422,Wage Claims,2
21422,Wage Rate Incorrect,2
21415,No Paycheck,1
21415,Workload,1
21413,Leave of Absence,1
21413,Open Position - Denied Position,1
21413,Open Position - Failure to Post,1
21413,Vacation Pay Seniority,1
21411,Harassment,1
21411,OT or AB Wage Issue,1
21411,Warning Letter,1
21409,Sick Claims - Unused Sick Pay,1
21409,Wage Claims,1
21409,Workload,2
21408,Failure to Cooperate with Workers Comp/Disability/Unemployment Insurance Claim,1
21408,Failure to Remit Funds Contributions,1
21408,Harassment,1
21408,Hours Changed Without Reason,1
21408,Leave of Absence,1
21408,Suspensions,1
21408,Warning Letter,1
21407,Leave of Absence,1
21405,Harassment,5
21405,Leave of Absence,3
21405,Open Positions - Less Seniority,2
21405,Race,3
21405,Sick Claims - Unused Sick Pay,1
21405,Vacation Accrued After Termination,1
21405,Vacation Pay Seniority,4
21405,Wage Claims,1
21405,Wage Rate Incorrect,2
21405,Warning Letter,7
21405,Workload,2
21399,Harassment,1
21399,Other Contract Violation,1
21399,Reduction of Hours,1
21399,Transfer to new building,1
21398,Harassment,1
21398,Hours Changed Without Reason,1
21398,Leave of Absence,2
21398,Open Position - Failure to Post,1
21398,Suspensions,1
21398,Vacation Claims,1
21398,Vacation Pay Penalty,1
21398,Warning Letter,2
21398,Work Routine Changed,1
21398,Workload,3
21394,Harassment,5
21394,Open Position - Failure to Post,1
21394,OT or AB Wage Issue,1
21394,Transfer to new building,1
21394,Unjust Bump,1
21394,Warning Letter,3
21394,Workload,1
21392,Leave of Absence,2
21392,Termination,1
21392,Vacation Accrued After Termination,1
21392,Vacation Pay Seniority,2
21376,Leave of Absence,4
21283,Leave of Absence,1
21283,Wage Claims,1
21283,Workload,1
21188,Leave of Absence,1
21188,Open Positions - Less Seniority,1
21188,Other Contract Violation,2
21188,Race,1
21188,Termination,1
21188,Transfer to new building,1
21188,Wage Rate Incorrect,1
21031,Termination,3
21031,Transfer to new building,1
21006,Leave of Absence,2
21006,Termination,1
20981,Leave of Absence,2
20955,Vacation Pay Seniority,1
20950,Harassment,2
20950,Holiday pay (Days),1
20950,Open Position - Failure to Post,3
20950,OT or AB Wage Issue,5
20950,Pay for service center visit,1
20950,Suspensions,1
20950,Vacation Scheduling,1
20950,Wages AB Time,2
20950,Work Routine Changed,1
20950,Workload,3
20923,Pay for service center visit,1
20923,Suspensions,1
20923,Suspensions - Indefinite,1
20904,Wage Claims,1
20904,Warning Letter,1
20903,Suspensions - Indefinite,1
20868,Work Routine Changed,1
20866,Leave of Absence,1
20866,RIF,1
20866,Suspensions,1
20866,Suspensions - Indefinite,1
20861,Leave of Absence,2
20861,Pay for service center visit,1
20861,Suspensions - Indefinite,1
20861,Transfer to new building,1
20861,Wage Claims,1
20852,RIF,1
20852,Suspensions - Indefinite,1
20852,Termination,1
20849,Workload,1
20848,Sick Claims - Unused Sick Pay,1
20717,Vacation Pay Seniority,1
20706,Other Contract Violation,1
20706,Sick Claims,1
20706,Vacation Claims,1
20701,Leave of Absence,1
20701,Open Position - Failure to Post,1
20701,Sexual harassment,1
20701,Wages AB Time,1
20694,Harassment,4
20694,Leave of Absence,14
20694,Sick Claims,4
20694,Suspensions - Indefinite,2
20694,Vacation Claims,4
20694,Vacation Pay Seniority,10
20694,Warning Letter,4
20694,Workload,4
20693,Bereavement pay,1
20693,Harassment,1
20693,Holiday pay (Days),1
20693,Leave of Absence,6
20693,Suspensions,1
20693,Suspensions - Indefinite,1
20693,Vacation Claims,1
20693,Vacation Scheduling,1
20690,Leave of Absence,1
20690,Open Positions - Less Seniority,1
20690,Wage Rate Incorrect,1
20689,OT or AB Wage Issue,2
20689,Wage Rate Incorrect,2
20683,Termination,1
20683,Vacation Accrued After Termination,1
20643,Leave of Absence,4
20643,Suspensions,1
20643,Suspensions - Indefinite,1
20643,Vacation Pay Seniority,1
20632,Harassment,3
20632,Open Positions - Less Seniority,1
20632,Sick Claims,1
20632,Suspensions - Indefinite,1
20632,Vacation Accrued After Termination,1
20632,Vacation Pay Seniority,2
20625,Vacation Claims,1
20623,Vacation Claims,1
20621,Vacation Pay Seniority,1
20618,Vacation Claims,1
20612,Workload,1
20588,Leave of Absence,3
20588,Other Contract Violation,2
20588,Vacation Accrued After Termination,1
20586,Leave of Absence,4
20586,Other Contract Violation,1
20586,Sick Claims - Unused Sick Pay,1
20586,Suspensions,1
20586,Warning Letter,2
20584,Leave of Absence,2
20584,Vacation Pay Seniority,1
20584,Workload,1
20571,Harassment,14
20571,Leave of Absence,14
20571,OT or AB Wage Issue,4
20571,Suspensions,4
20571,Unjust Bump,6
20571,Warning Letter,2
20571,Work Routine Changed,2
20571,Workload,2
20559,Harassment,3
20559,Overtime pay,1
20559,Race,1
20559,Sexual harassment,1
20559,Vacation Claims,1
20559,Warning Letter,1
20559,Workload,1
20556,Overtime pay,3
20551,Leave of Absence,1
20484,Age,1
20484,Harassment,3
20484,Hours Changed Without Notice,1
20484,Leave of Absence,1
20484,Work Routine Changed,1
20351,Harassment,1
20351,Suspensions - Indefinite,1
20347,Suspensions - Indefinite,1
20345,Vacation Claims,1
20345,Wage Claims,1
20337,Suspensions - Indefinite,1
20335,Harassment,1
20335,Warning Letter,1
20054,Leave of Absence,2
20054,Termination,1
19826,Better Terms and Conditions,1
19826,COVID Sick Pay,1
19826,Harassment,2
19826,Hours Changed Without Reason,1
19826,Leave of Absence,1
19826,RIF,1
19826,Vacation Claims,2
19826,Workload,1
19597,Harassment,1
19597,Suspensions,1
19049,RIF,1
19049,Termination,1
18785,Open Position - Denied Position,4
18785,Other Contract Violation,4
18785,Termination,4
18785,Vacation Pay Seniority,4
18785,Wage Claims,4
18785,Wage Rate Incorrect,4
18780,Failure to Cooperate with Workers Comp/Disability/Unemployment Insurance Claim,2
18780,Harassment,4
18780,Open Position - Denied Position,2
18780,Other Contract Violation,2
18780,Refusal to Recall,2
18780,Vacation Pay Seniority,2
18780,Work Routine Changed,2
18780,Workload,2
18773,Harassment,4
18773,Leave of Absence,1
18773,OT or AB Wage Issue,1
18773,Sexual harassment,1
18756,Leave of Absence,2
18756,Termination,2
18756,Unjust Bump,1
18756,Vacation Accrued After Termination,6
18751,Leave of Absence,1
18749,OT or AB Wage Issue,1
18733,Leave of Absence,1
18733,Other Contract Violation,1
18607,Harassment,1
18602,Open Position - Denied Position,1
18583,Suspensions - Indefinite,2
18583,Termination,1
18583,Vacation Claims,2
18509,COVID Sick Pay,2
18509,Harassment,6
18509,Holiday pay (Days),2
18509,Leave of Absence,2
18509,Open Positions - Less Seniority,4
18509,OT or AB Wage Issue,2
18509,Suspensions,2
18509,Termination,2
18509,Workload,2
18451,Leave of Absence,1
18271,Leave of Absence,3
18271,Suspensions,6
17729,Termination,1
17459,Leave of Absence,1
17459,Suspensions - Indefinite,1
17459,Vacation Accrued After Termination,1
17130,Harassment,2
17130,Leave of Absence,6
17130,Open Position - Failure to Post,2
17130,OT or AB Wage Issue,2
17130,RIF,2
17130,Vacation Pay Seniority,4
17130,Warning Letter,6
17130,Work Routine Changed,2
17130,Workload,2
17128,Harassment,1
17128,Hours Changed Without Reason,2
17118,RIF,2
17118,Termination,2
17109,Leave of Absence,5
17109,RIF,1
17109,Vacation Claims,1
17109,Vacation Pay Seniority,3
17109,Wage Claims,1
17109,Wage Rate Incorrect,3
17109,Workload,3
17099,Hours Changed Without Reason,1
17099,Layoff,1
17099,Leave of Absence,2
17099,RIF,2
17099,Suspensions,3
17099,Termination Pay - Inability to Work,1
17095,Leave of Absence,1
17095,Open Position - Failure to Post,1
17095,RIF,2
17095,Suspensions,1
17095,Termination,1
17095,Workload,1
17084,Layoff,1
17084,RIF,1
17077,Leave of Absence,1
17077,Suspensions - Indefinite,1
17074,RIF,1
17074,Vacation Pay Seniority,1
17071,RIF,1
17070,Harassment,1
17070,Holiday pay (Days),1
17070,Hours Changed Without Reason,1
17070,Leave of Absence,2
17070,RIF,1
17070,Workload,1
17067,Vacation Claims,1
17067,Vacation Pay Penalty,1
17067,Vacation Pay Seniority,1
16641,Harassment,1
16641,Suspensions - Indefinite,1
15317,Leave of Absence,1
15317,Suspensions,1
15317,Warning Letter,1
15314,Suspensions,1
15273,Harassment,1
15273,Leave of Absence,1
15273,OT or AB Wage Issue,1
15273,RIF,1
15273,Suspensions,3
15273,Suspensions - Indefinite,1
15273,Vacation Accrued After Termination,1
15273,Workload,2
15153,Harassment,6
15153,Holiday pay (Days),1
15153,Leave of Absence,1
15153,OT or AB Wage Issue,1
15153,Personal Day,1
15153,Suspensions - Indefinite,2
15153,Termination,1
15153,Vacation Accrued After Termination,2
15153,Warning Letter,3
15153,Workload,1
15148,Harassment,1
15141,Termination,1
15011,Harassment,1
15011,Vacation Scheduling,1
15011,Wage Rate Incorrect,3
15009,Leave of Absence,1
15008,Harassment,1
15008,Leave of Absence,1
15008,RIF,1
15008,Suspensions - Indefinite,1
15007,Leave of Absence,1
15007,Pay - higher classification,1
15007,Suspensions - Indefinite,1
15007,Vacation Claims,2
15007,Vacation Pay Seniority,1
15007,Workload,1
15004,Harassment,8
15004,Leave of Absence,4
15004,Refusal to Recall,4
15004,RIF,4
15004,Transfer to new building,4
15004,Unjust Bump,8
15004,Vacation Claims,4
15004,Workload,4
14531,Harassment,1
14531,Leave of Absence,1
14531,Sick Claims,1
14531,Termination,1
14531,Vacation Pay Seniority,1
14449,Leave of Absence,1
14449,Termination,1
14449,Vacation Accrued After Termination,1
14419,Harassment,2
14419,Open Position - Failure to Post,2
14419,Work Routine Changed,2
14367,Better Terms and Conditions,1
14367,Other Contract Violation,2
14367,Termination,2
14367,Vacation Claims,1
14013,Leave of Absence,2
14013,Open Position - Failure to Post,1
14013,RIF,1
13984,Open Position - Failure to Post,1
13967,RIF,3
13967,Work Routine Changed,1
13908,RIF,1
13908,Wage Rate Incorrect,1
13901,Leave of Absence,2
13901,Open Positions - Less Seniority,1
13896,Vacation Pay Seniority,1
13803,Harassment,1
13803,Suspensions,1
13803,Suspensions - Indefinite,1
13803,Warning Letter,1
13803,Workload,1
13483,RIF,1
13482,Vacation Claims,1
13314,Wage Claims,1
13314,Wage Rate Incorrect,1
